"X126","X127_N","X127_C","X128_N","X128_C","X129_N","X129_C","X130_N","X130_C","X131"
0.0934380948873623,0.436588094887362,0.289578094887362,0.548028094887362,-0.215381905112638,-0.45606,0.41751,-0.47804,0.53392,0.08753
-0.0318919051126377,0.395788094887362,0.394428094887362,0.00156809488736237,0.0455680948873624,0.10954,0.25924,-0.04712,0.00978,-0.02362
0.365808094887362,0.0312880948873623,0.199978094887362,0.477678094887362,0.397678094887362,0.12137,-0.12369,0.00908,0.13078,0.05664
0.312508094887362,0.520708094887362,0.307408094887362,0.365458094887362,0.0381880948873624,0.07547,-0.00587,-0.03018,0.22149,0.17811
0.118208094887362,0.128778094887362,0.294958094887362,0.548188094887362,0.290608094887362,0.18419,0.1462,-0.20943,-0.10929,-0.00297
0.485718094887362,0.172468094887362,0.401938094887362,0.172058094887362,0.262278094887362,-0.02289,-0.07391,0.34887,0.022,0.01731
0.408948094887362,0.242418094887362,0.402698094887362,0.235798094887362,0.640638094887362,-0.2117,0.18798,-0.08162,0.05378,-0.41942
-0.0454419051126376,0.160008094887362,0.764538094887362,0.437338094887362,0.580088094887362,-0.2231,-0.05958,0.22868,0.12573,0.41027
NA,NA,NA,NA,NA,NA,NA,NA,NA,NA
NA,NA,NA,NA,NA,NA,NA,NA,NA,NA
0.530988094887362,0.108518094887362,0.330038094887362,0.207668094887362,0.00253809488736234,-0.18236,0.19787,-0.08323,-0.02013,-0.06986
0.0582180948873623,-0.0334219051126377,0.453758094887362,0.227068094887362,0.180438094887362,0.05761,0.02234,0.47668,0.05515,0.32568
0.426288094887362,0.452798094887362,0.344348094887362,0.396708094887362,0.381948094887362,0.10864,-0.01638,0.28803,0.11675,0.27976
0.122958094887362,0.269838094887362,0.360148094887362,0.350638094887362,0.149678094887362,-0.14693,0.23456,-0.04504,0.14716,0.27347
0.318388094887362,0.424218094887362,0.405868094887362,0.217198094887362,0.371798094887362,0.06649,-0.22642,-0.33812,-0.0941,-0.00552
NA,NA,NA,NA,NA,NA,NA,NA,NA,NA
0.333128094887362,0.398498094887362,0.460608094887362,0.319398094887362,0.721678094887362,0.10425,0.03946,-0.20364,-0.05675,-0.13154
0.167318094887362,0.479868094887362,-0.312131905112638,0.113848094887362,0.453108094887362,-0.02528,0.16759,0.21032,0.0501,-0.04688
0.274608094887362,0.352568094887362,0.242068094887362,0.167068094887362,0.280978094887362,0.12602,-0.29808,-0.12075,0.21294,-0.05401
0.0931280948873623,0.251608094887362,0.0995680948873623,0.468428094887362,0.375748094887362,-0.07273,0.03808,0.0365,-0.23514,0.06122
0.585438094887362,0.383928094887362,0.269598094887362,0.208228094887362,0.290538094887362,-0.18099,0.09044,0.39444,-0.00728,-0.31965
0.351288094887362,0.125118094887362,-0.0343619051126376,0.649828094887362,0.836508094887362,-0.36594,0.03162,-0.40695,0.21495,-0.13058
0.378038094887362,0.547688094887362,0.351268094887362,-0.0172619051126376,0.271188094887362,0.2716,0.04424,-0.05767,-0.41002,-0.30555
0.534298094887362,0.618278094887362,0.152768094887362,-0.131101905112638,0.696858094887362,0.30335,0.13557,-0.49161,-0.0679,0.15463
0.318328094887362,0.499658094887362,0.306998094887362,0.165008094887362,0.366308094887362,0.16844,-0.39634,0.31795,-0.09205,-0.306
NA,NA,NA,NA,NA,NA,NA,NA,NA,NA
0.370988094887362,0.151328094887362,0.222638094887362,0.191058094887362,0.353448094887362,-0.08158,0.05634,-0.04688,-0.22718,-0.18863
0.0474580948873624,0.327158094887362,0.142298094887362,0.203398094887362,0.352228094887362,-0.0307,-0.30105,0.07632,-0.17259,0.18696
0.194258094887362,0.0571180948873624,0.235448094887362,0.361338094887362,0.134748094887362,0.01301,0.07931,0.26275,0.28735,0.16085
0.415668094887362,0.535808094887362,0.247098094887362,-0.0204019051126377,0.462698094887362,0.09079,0.09398,0.09232,-0.34367,0.06634
0.286328094887362,0.317508094887362,0.428138094887362,0.393568094887362,0.204428094887362,-0.11771,0.16834,0.30707,-0.1944,-0.02107
0.347728094887362,-0.0403819051126377,0.0913580948873624,0.687318094887362,-0.221881905112638,-0.35579,0.06079,-0.34639,-0.36509,-0.12935
0.511428094887362,0.302458094887362,0.0866680948873624,0.585508094887362,0.286808094887362,-0.00315,0.04165,-0.02243,-0.00063,0.00919
0.459558094887362,0.614208094887362,-0.102701905112638,0.526918094887362,0.519458094887362,-0.25198,-0.85413,-0.34904,0.44094,-0.14113
0.688898094887362,-0.144041905112638,-0.722971905112638,0.185698094887362,0.640508094887362,0.40518,0.9865,0.74812,-0.12538,0.08874
0.512258094887362,0.484248094887362,-0.0229319051126377,0.456118094887362,0.120948094887362,-0.34161,-0.04246,-0.33346,-0.28534,-0.12007
0.512708094887362,0.0517980948873624,0.142808094887362,0.0317880948873623,0.598928094887362,0.00933,-0.01827,-0.35815,-0.22142,0.08758
0.352558094887362,0.215648094887362,0.385798094887362,0.133088094887362,0.0271180948873623,0.04601,0.08985,-0.18794,0.17006,-0.007
0.291968094887362,0.122398094887362,0.464348094887362,0.505808094887362,0.175588094887362,0.23837,0.35196,0.26298,0.2975,-0.21067
0.276078094887362,0.112668094887362,0.206558094887362,0.542918094887362,0.412588094887362,0.0346,0.22639,-0.10003,-0.40253,0.21783
0.329908094887362,-0.291321905112638,0.0916280948873623,0.580498094887362,0.266838094887362,0.38568,-0.1158,-0.72107,-0.04954,0.3302
0.377348094887362,0.0941680948873624,0.135068094887362,0.0438980948873623,0.597198094887362,0.05124,-0.25933,-0.03968,0.19037,0.00939
0.375198094887362,0.134018094887362,0.263368094887362,0.313738094887362,0.515268094887362,-0.08925,-0.03862,0.27115,0.16721,0.00072
0.441508094887362,0.428858094887362,0.491648094887362,0.788398094887362,-0.363051905112638,-0.12146,0.07608,0.17145,-0.08362,0.32525
0.490748094887362,0.276448094887362,0.328298094887362,0.261528094887362,0.345518094887362,0.00626,0.11887,0.0668,-0.27426,0.04822
0.158978094887362,0.196708094887362,0.199208094887362,0.389018094887362,0.246538094887362,-0.22891,0.03846,0.51624,-0.0852,0.14257
0.267768094887362,0.0334180948873624,0.216148094887362,0.351158094887362,0.369338094887362,0.02654,0.27048,0.21404,-0.052,-0.09732
0.278868094887362,0.397288094887362,0.611678094887362,0.276348094887362,0.287508094887362,0.07744,0.06729,-0.05217,-0.12754,0.13355
0.232878094887362,0.567728094887362,0.425628094887362,0.383188094887362,0.713478094887362,-0.21804,0.35473,0.04329,-0.06756,-0.21265
0.244238094887362,-0.0851919051126376,0.0353480948873623,-0.00167190511263765,-0.0769119051126376,-0.19771,-0.01506,-0.0711,-0.1836,0.16894
0.219738094887362,-2.19051126376657e-05,0.0681680948873624,1.21086809488736,0.546238094887362,-0.49082,1.05352,-0.42544,0.03371,-0.23587
0.417178094887362,0.0458880948873623,0.243978094887362,0.466098094887362,0.208888094887362,-0.09174,-0.05136,-0.141,-0.01669,0.00744
NA,NA,NA,NA,NA,NA,NA,NA,NA,NA
0.446468094887362,0.278448094887362,0.183558094887362,0.346358094887362,0.530578094887362,-0.09379,0.05237,0.03747,-0.01895,-0.15462
0.446518094887362,0.401988094887362,0.323588094887362,0.353988094887362,0.527808094887362,0.43543,-0.22461,0.27216,-0.19362,-0.17005
0.553938094887362,0.273818094887362,0.606068094887362,0.585628094887362,0.437648094887362,0.358,0.05447,0.1797,0.38138,0.09818
0.277198094887362,0.319538094887362,0.353768094887362,0.438178094887362,0.540158094887362,0.05637,-0.06609,-0.3017,-0.1287,-0.14587
0.396208094887362,0.257298094887362,0.385308094887362,0.193328094887362,0.309118094887362,0.11153,-0.0085,-0.25024,-0.53145,0.40862
0.149108094887362,0.374868094887362,0.468828094887362,0.515498094887362,0.300728094887362,0.07861,0.29232,0.02605,-0.06562,0.35065
0.343838094887362,0.144838094887362,0.207488094887362,0.201958094887362,0.728198094887362,-0.13896,-0.1327,-0.02137,-0.14057,-0.16825
0.626748094887362,0.511158094887362,0.312298094887362,0.328068094887362,0.252728094887362,0.29916,0.14921,-0.12229,0.03315,-0.18274
0.698048094887362,0.301828094887362,-0.237861905112638,0.537138094887362,0.843908094887362,-0.04358,-0.42257,-0.17071,0.32294,-0.56915
0.265578094887362,0.121048094887362,0.429968094887362,0.329318094887362,0.134008094887362,0.16999,0.07675,0.00194,-0.15164,0.15415
0.624808094887362,0.233948094887362,0.299888094887362,0.216978094887362,0.359598094887362,0.1223,0.19802,-0.01319,-0.17486,0.17357
0.133958094887362,0.425828094887362,0.358618094887362,-0.0939319051126377,0.500408094887362,-0.07971,0.24431,0.01746,0.01626,0.07447
0.155668094887362,0.626038094887362,0.689778094887362,0.205698094887362,-0.00537190511263763,-0.02025,0.0686,-0.21732,0.10546,-0.057
0.422078094887362,0.100918094887362,0.690238094887362,0.129338094887362,0.364958094887362,-0.13794,0.12922,-0.07815,0.1544,-0.08389
0.0479380948873623,0.553528094887362,0.412248094887362,0.264708094887362,0.00581809488736235,-0.26409,0.26169,0.1096,0.14815,-0.04217
-0.0432119051126377,0.141288094887362,0.0827280948873624,-0.0170419051126376,0.0250480948873624,-0.17249,0.24151,-0.23164,-0.18603,-0.44774
0.316268094887362,0.366558094887362,0.476688094887362,0.432158094887362,0.116528094887362,0.39358,-0.13497,-0.16429,0.0542,0.45513
NA,NA,NA,NA,NA,NA,NA,NA,NA,NA
0.807598094887362,0.405558094887362,0.550978094887362,0.690528094887362,0.544978094887362,-0.17621,0.01972,-0.10821,0.58932,-0.70185
0.0904780948873624,0.497248094887362,0.336288094887362,0.288168094887362,0.213038094887362,-0.00197,-0.08971,0.10057,-0.07825,0.12277
0.255798094887362,0.339258094887362,0.524378094887362,0.402088094887362,0.0421380948873624,-0.03893,-0.18924,-0.08261,0.46939,0.08259
0.184908094887362,0.318588094887362,0.124028094887362,0.124478094887362,0.411858094887362,0.01608,-0.02822,0.0213,-0.1369,-0.08352
0.0389980948873623,0.455718094887362,0.469548094887362,0.210178094887362,0.377838094887362,0.05053,0.3029,0.04057,0.11901,-0.0432
-0.491631905112638,1.62497809488736,0.374278094887362,0.601628094887362,1.01361809488736,-0.10216,-1.0439,0.17331,0.49986,-0.23402
0.0206680948873624,0.473798094887362,0.0774680948873623,0.412488094887362,0.0624980948873624,-0.18671,0.04312,-0.28753,0.08274,0.12527
0.190008094887362,0.300298094887362,0.169648094887362,0.593248094887362,0.415818094887362,-0.13556,0.25197,0.16568,-0.00137,0.06649
0.364988094887362,0.348558094887362,0.159258094887362,0.428798094887362,0.179058094887362,0.22454,0.07586,0.03459,-0.07559,0.36792
0.537188094887362,0.00514809488736234,0.261628094887362,0.451008094887362,0.0132880948873623,0.38241,0.261,-0.25662,-0.38133,-0.36289
1.18535809488736,0.229788094887362,0.795928094887362,0.742198094887362,0.362558094887362,0.06022,-0.31017,-0.39271,-0.1122,0.31339
0.185018094887362,-0.615861905112638,0.117568094887362,0.556488094887362,0.950918094887362,-0.19701,-1.00082,0.39915,0.09171,0.38335
0.307978094887362,0.422028094887362,0.211028094887362,0.382778094887362,0.163368094887362,0.15553,-0.06316,-0.00927,-0.05779,-0.18346
0.353558094887362,-0.0310419051126377,0.0159980948873624,0.341068094887362,0.182488094887362,0.07412,0.1397,-0.31912,0.02951,0.00692
NA,NA,NA,NA,NA,NA,NA,NA,NA,NA
0.422338094887362,0.464898094887362,0.296148094887362,0.383218094887362,0.428128094887362,-0.01939,0.00888,0.05055,0.19536,-0.08278
NA,NA,NA,NA,NA,NA,NA,NA,NA,NA
0.0998580948873624,0.165968094887362,0.616278094887362,0.477418094887362,0.563598094887362,0.02077,-0.0392,-0.37721,-0.40155,-0.53156
0.246568094887362,0.266428094887362,0.538658094887362,0.796948094887362,0.150598094887362,-0.03301,0.28051,-0.0917,0.1069,0.17384
0.140178094887362,0.319368094887362,0.166348094887362,-0.214661905112638,0.393788094887362,0.02686,-0.30545,-0.02222,0.07214,0.05625
0.926218094887362,0.379208094887362,-1.09674190511264,1.28245809488736,-0.596661905112638,0.6661,0.65612,-0.66233,-2.06981,-0.41557
0.135238094887362,0.444138094887362,0.432858094887362,0.284088094887362,0.460348094887362,0.18966,-0.19159,-0.01435,-0.10252,0.14413
0.300318094887362,0.475478094887362,0.158648094887362,0.437048094887362,0.199438094887362,0.07381,0.24577,-0.03642,0.00805,0.07392
0.380748094887362,0.269868094887362,0.238208094887362,0.243128094887362,0.252668094887362,0.01881,-0.18225,0.11793,0.07092,-0.06545
0.137108094887362,0.498978094887362,0.425038094887362,0.590678094887362,0.459548094887362,0.00481,0.2186,0.25998,-0.28429,-0.18796
0.557118094887362,0.169618094887362,0.0707180948873624,0.299888094887362,0.210758094887362,0.20987,0.12036,0.06656,0.01768,0.2399
0.370348094887362,0.247398094887362,0.200718094887362,0.175008094887362,0.347538094887362,0.29513,-0.12312,0.09057,0.4134,0.01512
0.234908094887362,0.722218094887362,0.201198094887362,-0.222841905112638,0.564218094887362,0.14586,-0.11708,0.0783,0.03666,-0.0375
0.256478094887362,0.940468094887362,-0.297071905112638,0.408458094887362,-0.241781905112638,0.49638,-0.27545,0.59354,-0.76921,-0.37009
0.14989,-0.17408,0.10963,-0.21298,-0.01179,-0.05685,0.24844,6e-04,0.09455,-0.08209
-0.18968,0.22416,-0.21996,0.16898,0.12245,-0.01101,-0.20134,-0.09934,0.12647,-0.15756
0.10526,-0.13188,0.19226,-0.0899,-0.59903,-0.0036,0.22383,-0.12227,0.18506,-0.04622
0.3907,-0.05199,0.05079,-0.0605,0.2501,-0.26344,-0.38504,-0.08217,0.03518,-0.18698
0.08123,0.44349,-0.02264,0.05057,0.10225,0.03659,0.14474,-0.45142,-0.0248,-0.27556
0.12329,-0.05061,-0.07615,0.0651,0.03287,0.23293,-0.16515,-0.00131,-0.01352,0.17096
-0.03601,-0.08751,-0.03024,-0.59735,-0.30791,-0.2067,-0.01968,0.03459,0.23937,-0.33404
-0.10604,-0.37807,-0.02264,0.04989,0.74036,-0.26514,-0.19026,0.44396,-0.73998,0.18722
0.8768,0.07822,0.14618,-0.32915,0.0555,-0.05331,0.20242,-0.5299,-0.19055,-0.04891
0.36448,0.34998,0.03108,0.08474,0.4604,0.40453,0.18864,-0.08048,0.32644,-0.00413
0.08351,-0.33726,-0.04308,-0.24875,0.5708,-0.07041,0.27305,0.0636,-0.26592,-0.21536
0.06143,-0.33998,0.38125,-0.07253,-0.05887,0.3155,-0.05985,-0.26297,0.03333,0.28977
-0.09357,-0.31162,-0.08055,-0.11959,0.19849,-0.17411,0.30084,-0.07958,-0.54848,0.09815
0.28946,0.16424,-0.45035,0.38928,-0.05263,0.41194,0.03728,0.15617,0.26153,-0.54978
NA,NA,NA,NA,NA,NA,NA,NA,NA,NA
NA,NA,NA,NA,NA,NA,NA,NA,NA,NA
-0.0038,-0.3364,0.0735,0.13649,-0.18985,-0.01927,-0.04577,0.20458,-0.26328,-0.02849
-0.24192,0.0025,-0.01786,0.14184,-0.22604,-0.02036,0.22723,0.12525,0.00617,0.19617
0.41197,-0.04047,0.37454,0.46313,0.24282,0.01892,-0.32299,0.19529,-0.0149,-0.21743
0.47044,0.08446,-0.3019,-0.60063,-0.42204,-1.10049,-0.32437,0.27832,0.27614,-0.23519
0.23847,-0.17189,0.44284,-0.1681,0.06976,-0.31287,-0.15194,0.47236,-0.06673,0.05641
-0.12639,0.0673,0.17563,-0.05568,0.18035,0.14987,0.02449,-0.16748,0.01682,-0.06298
-0.13245,0.1209,0.02655,-0.07833,-0.12487,0.19679,0.25351,0.64294,-0.60485,-0.23466
-0.2113,0.09781,-0.08683,0.36417,0.22866,0.29095,-0.1248,0.63485,0.24375,0.35021
-0.16989,-0.11418,0.09979,0.06615,0.02121,0.07837,-0.17606,0.32156,-0.18213,0.02016
-0.39048,0.08089,-0.29557,-0.06943,0.2531,-0.22996,0.02219,0.09583,-0.03403,0.193
0.00797,0.00779,0.04092,-0.17127,-0.03422,0.27352,-0.05002,0.00949,0.04479,0.10096
0.16496,0.02643,-0.0648,-0.07579,0.18848,0.50456,0.20947,0.01893,0.23853,-0.10112
-0.25595,0.16981,0.10396,-0.18374,-0.16707,0.03267,-0.218,-0.03127,0.15535,-0.13037
0.13609,-0.05776,0.37747,-0.03462,0.17777,-0.28818,-0.04144,0.16539,0.23929,0.06368
0.15565,0.57838,0.71671,-0.02522,0.44657,-0.72808,0.83598,0.51217,0.09102,-0.66431
-0.09894,0.03903,-0.38918,0.35666,-1.05672,-0.16579,0.57488,0.75237,-0.6115,0.00925
-0.20055,0.27708,-0.11874,0.1724,0.16892,0.01386,-0.02764,-0.02691,-0.14012,0.12745
NA,NA,NA,NA,NA,NA,NA,NA,NA,NA
0.18531,0.12502,0.08498,0.15814,-0.18997,-0.11064,0.0551,0.19551,0.24161,0.24666
NA,NA,NA,NA,NA,NA,NA,NA,NA,NA
-0.2938,0.0118,-0.20904,-0.03768,-0.34088,0.06135,0.08492,0.27453,0.05732,0.07822
0.28859,-0.23279,-0.12262,-0.79171,-0.13056,-0.40339,0.79805,-0.99655,-0.80153,-0.44191
0.08011,0.32292,-0.13726,-0.14157,0.09997,-0.02432,-0.0353,0.07711,-0.1136,0.09695
-0.04546,0.13699,0.1461,0.13387,-0.23761,-0.12298,-0.03871,0.42589,0.05245,-0.19548
-0.01508,-0.13756,0.05296,-0.19255,-0.11329,0.0879,0.08045,0.17777,-0.03781,0.08797
NA,NA,NA,NA,NA,NA,NA,NA,NA,NA
0.23913,-0.17313,-0.06381,-0.36915,-0.52815,0.14124,0.54222,0.24816,-0.48144,-0.21801
0.12214,-0.20862,0.43183,1.06432,0.16357,0.37887,0.60685,0.5866,-0.65675,-0.13683
0.06267,0.08165,-0.04363,-0.1326,-0.11396,-0.1408,0.2391,0.28635,-0.01712,0.25468
0.40874,0.0209,0.00033,-0.02674,0.18813,-0.02249,-0.21595,-0.12327,-0.08439,-0.08858
0.08109,-0.08709,-0.23095,-0.33923,-0.34126,-0.25687,-0.16674,-0.44996,-0.24056,0.14448
-0.13383,0.26275,0.02342,0.1082,-0.03253,-0.0766,0.18956,0.1757,-0.03184,0.07677
-0.52735,0.17427,-0.18108,0.18142,-0.10317,-0.09806,-0.2325,0.32191,-0.30682,0.08989
-0.10655,-0.34696,0.00878,0.0111,0.0757,-0.14344,0.0522,0.40657,-0.19711,0.14844
-0.14345,0.16162,0.78943,0.11445,0.25327,0.80086,-0.05374,-0.29851,-0.01571,-0.0075
-0.31872,-0.11046,0.13597,-0.00587,-0.14938,0.14058,0.08804,-0.05425,0.08947,0.0837
0.07441,-0.20025,0.06819,0.15579,-0.0253,-0.09914,-0.02994,-0.07656,-0.13677,0.12484
-0.56839,0.52709,-0.06601,-0.06922,0.03318,0.06454,0.17847,-0.18297,-0.7189,0.47934
-0.18728,0.32342,0.69965,0.64451,0.00986,0.22236,0.02966,0.44754,-0.25608,0.23589
-0.15981,-0.0997,-0.01085,-0.23387,0.07296,0.15599,0.22284,-0.41221,0.32152,-0.1333
0.00332,-0.01022,-0.34669,0.05867,0.07239,0.01846,-0.05739,-0.07778,0.08727,-0.12242
-0.03638,0.04941,0.0567,-0.14419,0.11663,-0.07006,0.12937,-0.18583,-0.1333,-0.01535
-0.16621,-0.12203,0.14642,0.04918,-0.07511,0.25331,-0.12064,0.00531,0.04716,-0.32765
-0.46609,-0.04847,-0.04174,-0.12052,-0.36837,-0.23662,-0.33355,0.16815,0.00633,-0.01847
0.16453,-0.1222,-0.09932,-0.38454,0.0516,-0.05953,-0.28738,0.13777,-0.10644,-0.11849
0.59078,0.02697,-0.0014,-0.03464,0.35884,0.12746,-0.0299,-0.46939,0.30895,-0.31574
0.2003,0.01982,0.24815,-0.05452,0.19836,0.21971,-0.05195,-0.32036,-0.04392,-0.38079
-0.10414,0.2399,-0.34747,0.01313,-0.37881,-0.15992,-0.12427,-0.12384,-0.03706,-0.0738
0.07022,-0.15865,0.32961,-0.07805,-0.20512,-0.00057,-0.09206,0.0692,0.02636,-0.11127
-0.03866,-0.27515,0.24929,0.07164,-0.02211,-0.26443,-0.27979,-0.04407,0.25591,0.07632
NA,NA,NA,NA,NA,NA,NA,NA,NA,NA
0.351,-0.79918,-0.06846,-0.01408,-0.30997,0.12986,0.05599,0.08731,-0.09888,-0.71317
-0.12486,-0.04814,0.03106,-0.05351,0.08205,-0.09935,-0.00468,-0.06572,0.13699,0.02823
0.68066,0.46662,-0.69358,-1.1271,0.20355,0.04861,-0.28915,0.05586,0.39824,-0.94307
-0.17426,0.38686,0.27189,-0.67799,0.44763,0.31389,0.17516,-0.67566,0.45516,0.50005
-0.40634,-0.94234,0.0491,0.1414,-0.33493,0.95131,-1.03489,-0.56386,0.06927,0.62478
0.3455,-0.02372,-0.05057,-0.38073,-0.24703,-0.10007,-0.2289,-0.04442,0.16968,-0.00439
0.07942,-0.00398,0.00136,0.17758,0.1291,0.11158,-0.1838,-0.19039,0.19516,-0.10863
1.05688,0.33925,-0.21338,-0.623,0.52359,-0.35883,0.08954,0.5284,-0.84759,-0.30902
0.06784,0.50901,0.23596,-0.02795,-0.04686,0.01924,0.16028,0.19691,-0.05085,0.30028
-0.00648,-0.26645,0.16057,-0.12601,0.50403,0.25044,-0.05482,-0.14263,-0.1475,0.04549
0.33418,0.05144,0.01865,0.08818,-0.07089,0.01499,0.10076,0.0157,-0.11904,0.05809
-0.49915,0.63809,0.73085,0.40007,0.36586,-0.43632,-0.56696,-0.48659,0.59574,-0.01808
-0.29616,-0.10055,0.04426,-0.22939,0.11104,0.0621,0.17341,0.07993,0.14688,-0.01631
0.18026,-0.03333,0.05225,-0.31815,-0.00273,-0.02391,0.09017,0.03393,0.22852,0.35215
0.05969,-0.14743,-0.07119,-0.17754,0.08527,0.00396,-0.10939,-0.05737,0.06853,-0.15505
0.26001,0.04915,-0.08629,-0.18139,-0.18807,-0.14797,0.42669,0.00061,-0.26858,-0.35589
0.08534,-0.01126,0.09154,0.11169,0.05283,0.12333,0.03904,0.06588,0.06413,0.00461
0.13255,0.21614,0.33057,0.07936,-0.20087,0.10927,-0.06455,0.17987,0.06355,0.38874
0.51457,0.2937,-0.42418,-0.33959,0.06801,-0.00201,-0.06985,0.08311,0.40376,0.05451
0.06613,-0.22903,-0.20966,-0.26812,-0.00742,0.26426,-0.10214,0.02878,0.03882,0.18354
0.3132,-0.44651,0.1858,0.17557,-0.30823,-0.203,0.20634,-0.12998,-0.97355,-0.20803
0.34867,-0.14223,-0.03307,-0.16881,-0.08392,-0.38529,0.58562,0.2487,0.14458,-0.41165
0.1183,-0.5458,0.65855,-0.27479,0.14168,0.05023,0.33831,-0.12376,-0.40182,0.50734
0.17167,-0.19979,0.12727,-0.14462,0.24351,-0.1112,-0.2248,0.18485,-0.1242,0.2548
0.06819,0.17829,-0.02899,-0.14604,-0.10841,-0.08263,-0.30289,-0.06715,-0.01473,0.0286
-0.08068,0.0143,-0.09986,0.26917,0.29798,-0.18247,-0.1482,0.07493,0.06244,-0.03582
0.14143,0.11294,-0.15841,0.10699,-0.08447,0.227,-0.5032,-0.18468,0.04437,-0.29555
-0.2034,0.29803,0.04865,-0.33535,0.41081,0.21065,-0.34702,-0.05337,-0.04432,0.09273
0.11126,0.39169,-0.23261,-0.02946,-0.00052,-0.09146,0.14933,0.1095,-0.06763,-0.00486
-0.07151,-0.3449,0.14067,0.12541,0.0998,0.03533,-0.17249,-0.67242,-0.19971,-0.02111
-0.22968,0.31609,-0.06473,0.02175,0.14226,0.31333,0.18578,-0.70214,0.06732,0.0427
-0.06837,-0.04253,0.02206,-0.00662,-0.20586,0.14298,0.09405,-0.20731,-0.00572,0.0314
-0.22293,-0.03205,-0.27993,-0.10592,0.09208,-0.08427,0.12366,0.36368,0.21541,-0.19872
-0.28217,0.13934,0.35892,-0.05161,0.47377,0.15954,-0.65411,-0.45258,0.16909,0.22531
0.27961,0.04186,-0.19291,0.15421,-0.01742,0.00123,0.0555,-0.05067,-0.08397,0.0356
0.25102,0.03373,0.29415,0.38697,-0.19548,-0.33962,0.05251,0.44234,-0.17682,0.23584
-0.14554,-0.04837,-0.18016,0.11647,0.26545,-0.01853,-0.33978,-0.01644,0.06512,0.0522
-0.14838,0.02902,-0.05292,0.01044,0.11273,0.0336,0.12515,-0.13767,0.10761,-0.09739
-0.21726,-0.29083,0.2094,0.1228,-0.09951,-0.15907,0.02299,-0.27198,0.23272,-0.17063
0.07428,-0.41492,-0.18453,-0.01526,-0.29346,0.30952,0.07576,0.03485,-0.32955,0.48197
NA,NA,NA,NA,NA,NA,NA,NA,NA,NA
0.13524,0.12977,-0.29731,0.15637,-0.20155,0.0595,0.58074,0.00698,0.40544,-0.06163
0.07217,0.16282,-0.20507,-0.27893,-0.1642,0.18026,0.23158,0.23527,0.16213,-0.08054
-0.07791,0.01089,0.21829,-0.09401,0.07308,0.15381,-0.46815,-0.0033,0.31848,-0.24676
-0.09092,0.19945,-0.10889,-0.0908,0.00939,-0.42215,0.07573,0.4548,0.32768,-0.28832
0.04456,0.20352,0.03846,0.05844,0.04971,-0.04534,-0.06137,0.13039,-0.02478,-0.19649
-0.01795,0.31692,0.1351,-0.04224,-0.20987,0.13861,-0.28505,0.06562,0.52498,-0.06408
-0.07002,-0.00928,-0.23535,-0.01701,-0.15951,0.05809,0.0853,-0.28526,0.02758,-0.02214
0.41571,-0.14274,-0.05345,0.10169,-0.31083,0.09125,-0.2232,-0.23266,0.15038,0.07763
-0.01353,0.08922,-0.30183,0.09299,0.04123,0.09573,-0.01493,0.0879,-0.10509,-0.06816
0.39765,0.46899,0.0901,0.1722,0.26935,0.21606,-0.21601,-0.10698,0.45664,0.04827
-0.1463,0.07885,-0.07569,0.2488,-0.077,0.28271,0.05961,-0.02224,0.07849,0.04192
0.02705,-0.18767,-0.05584,0.30696,0.24526,0.21894,-0.02713,0.30057,-0.20163,0.05857
NA,NA,NA,NA,NA,NA,NA,NA,NA,NA
-0.03493,-0.01897,-0.13221,-0.04998,0.2903,-0.09266,-0.03445,-0.01368,-0.06349,0.09863
-0.06438,0.39264,0.12787,0.11068,0.15257,0.06841,0.38633,-0.06622,-0.13659,-0.0914
0.27962,0.25896,0.05116,-0.01796,0.05364,-0.05772,0.23762,-0.01119,0.06734,-0.22747
-0.20906,0.29786,-0.27215,0.26215,0.04255,0.39872,-0.15018,-0.13101,-0.04654,0.16328
0.00064,0.1078,-0.01977,0.12338,-0.13019,-0.00581,0.06464,-0.05725,0.17696,-0.10175
0.0555,-0.00238,0.08878,0.24737,0.47534,0.31314,0.60912,0.68072,-0.15138,-0.10475
0.16874,0.15594,-0.12016,0.17841,-0.22794,0.09084,-0.12598,-0.01016,0.16148,-0.06282
-0.26668,-0.1812,-0.22062,0.07848,0.13939,0.22012,0.09257,-0.03005,-0.12994,-0.11117
0.52923,0.0924,-0.21399,0.15898,-0.21981,0.17632,0.14302,0.21056,-0.29086,0.00024
-0.2825,-0.2295,0.0266,0.02583,-0.02554,0.02732,-0.29204,-0.15445,0.19679,-0.33655
0.12299,0.1332,-0.01861,0.21335,0.06015,-0.03492,0.22411,-0.0728,-0.07579,-0.06082
-0.07249,0.06911,0.10584,0.0563,0.09059,-0.08704,-0.19363,-0.24675,0.06905,0.02788
0.34138,0.39628,0.1949,-0.13254,0.18372,0.14728,-0.09458,-0.01681,-0.13238,0.01727
-0.03474,0.0412,-0.84763,-0.97022,-1.59285,1.29762,-0.31955,0.61417,-0.87403,-1.51055
0.24288,-0.07692,0.04699,0.01941,-0.04269,0.12498,-0.05658,0.02172,0.02878,-0.03033
-0.0379,-0.12323,0.34563,-0.15074,0.16286,-0.35008,0.20722,0.32639,0.17191,-0.03213
0.10241,0.1799,-0.24495,-0.04276,0.03165,-0.03967,-0.10698,0.1953,-0.04347,0.19549
0.47912,-0.37002,0.09828,0.68132,0.37069,-0.21995,-0.39915,0.18441,-0.29111,0.03956
-0.07744,0.19787,0.07443,-0.14572,0.14138,-0.03809,0.02042,0.22042,0.17303,-0.03404
-0.16742,0.15316,-0.0269,-0.30467,0.1347,0.38747,0.22318,0.09564,-0.16833,0.27187
0.01548,0.0896,-0.01039,0.15232,0.26153,-0.28837,0.01313,-0.08068,0.08311,-0.13048
-0.18093,-0.09744,0.03106,-0.09643,0.04552,0.05415,0.14692,-0.32845,-0.08011,0.29569
0.34583,0.11902,0.22341,-0.86176,-0.09802,-0.20342,0.2987,0.30038,0.03017,-0.47904
0.02756,-0.09828,-0.43967,0.09075,-0.03031,-0.14282,-0.2588,-0.06253,0.02576,-0.10049
0.18448,0.03863,0.18594,0.13994,-0.01405,0.04784,0.2319,-0.32064,-0.12977,0.02879
0.43104,-0.3718,0.45984,-0.08647,-0.15585,-0.16734,0.01916,0.07063,0.04177,0.23905
-0.18575,0.10774,-0.30389,0.45771,0.22525,-0.27913,-0.42433,0.08397,-0.04283,0.35442
0.24285,0.04911,0.26391,-0.1793,-0.25977,0.05719,0.09872,-0.02389,-0.25096,-0.00661
-0.33377,0.46906,-0.2911,-0.40322,0.14187,0.42892,0.17331,0.17057,-0.2252,0.12577
-0.06972,0.16531,0.16093,0.14006,-0.30455,0.04849,0.39648,0.13517,0.19419,0.32998
0.1415,0.06327,-0.46533,-0.13755,0.18741,-0.5114,-0.25372,-0.07024,0.08197,0.03972
0.11574,-0.29928,0.19662,0.32801,0.17824,0.0516,0.59702,1.1133,-0.0851,-0.33112
-0.00742,0.00365,-0.13151,0.12201,0.04897,0.1879,0.12362,-0.16008,0.39782,0.08513
-0.03531,-0.14609,-0.05956,0.23106,-0.24885,0.05778,-0.23772,0.27463,-0.15044,-0.4169
-0.26885,0.06242,0.45157,-0.4975,-0.26942,-0.26839,-0.43359,0.43354,0.22821,-0.24743
0.11083,-0.1222,0.08796,-0.03391,0.08329,0.02016,-0.00531,-0.08932,-0.25521,0.00832
0.04265,0.16981,0.00524,0.17831,-0.13566,-0.07472,0.31305,0.15084,0.14667,-0.11169
-0.26975,-0.04563,-0.08821,-0.12624,-0.22072,0.03896,0.34257,-0.20173,0.14447,-0.14976
0.01273,0.166,-0.01092,-0.38681,-0.18744,0.00211,-0.08603,-0.28482,0.06561,0.34934
0.11356,0.17718,0.14613,-0.04864,0.03055,0.10996,-0.2726,0.11648,0.07971,0.32524
0.08476,-0.12351,0.03759,0.08972,0.10922,0.05758,-0.31588,-0.32069,-0.19006,-0.30365
-0.26712,-0.06968,-0.13068,0.11623,-0.25916,0.29033,-0.0165,-0.0046,0.03032,0.39572
-0.14648,0.17114,0.24637,-0.41258,-0.45185,0.52052,-0.04471,-0.19178,0.0594,0.04529
-0.12233,-0.10865,-0.00441,-0.15413,-0.00877,-0.05734,-0.22548,0.10183,0.00141,-0.1008
-0.51698,1.15671,0.23151,-0.57503,-1.12145,0.6519,-1.1282,-0.37991,0.13863,-0.27494
0.06639,0.17414,-0.32106,-0.03035,-0.03993,-0.36984,0.05952,-0.18842,-0.06729,0.14009
0.22876,-0.09256,0.21911,-0.07971,-0.1113,0.20705,-0.04623,-0.25614,-0.34251,0.15811
-0.03136,-0.124,-0.14351,-0.35156,-0.29609,0.1849,-0.1956,0.07277,0.22093,0.04706
-0.9606,-0.60801,-0.28955,-0.85064,0.14138,0.23122,0.49135,0.47017,0.39229,-0.57045
-0.11672,0.11851,-0.12008,-0.22911,0.20465,0.16079,0.19357,0.27178,-0.17616,-0.33413
-0.35868,-0.29684,-0.3291,-0.12513,0.25128,-0.22273,0.13028,0.18837,0.07808,0.16176
0.25239,-0.09695,0.08863,-0.16475,-0.29453,-0.15112,0.32489,0.13307,0.0011,0.00148
0.00515,-0.09082,0.11634,-0.04442,-0.05983,-0.14649,0.27189,-0.04184,0.10664,-0.15749
-0.07093,-0.07825,-0.05313,0.16375,0.02087,-0.08014,-0.13505,0.00373,-0.04122,0.04504
-0.42017,0.27505,-0.20548,-0.335,0.00615,0.24173,-0.35479,0.10439,-0.06921,0.31781
-0.22948,0.17283,-0.36772,0.12783,-0.20218,0.06897,0.21519,0.13076,0.07382,0.01438
NA,NA,NA,NA,NA,NA,NA,NA,NA,NA
-0.04291,0.21614,-0.05913,0.02648,-0.04582,0.02362,0.33313,-0.13905,0.01465,0.0818
0.32233,-0.13418,-0.19156,0.03713,-0.02396,0.03518,-0.22702,0.27086,0.67455,-0.36324
-0.211,0.13056,0.18789,-0.28517,-0.19342,0.00087,0.46537,0.1898,-0.10129,0.2176
NA,NA,NA,NA,NA,NA,NA,NA,NA,NA
0.00136,-0.17203,-0.04795,0.07231,-0.14545,0.02839,0.12213,-0.08204,-0.02999,0.08417
-0.03026,0.01027,0.16593,0.00581,0.10795,0.06989,0.10578,0.174,0.06698,-0.14487
NA,NA,NA,NA,NA,NA,NA,NA,NA,NA
0.11519,-0.29699,-0.34883,-0.28872,0.07159,0.58116,0.41561,-0.21937,0.26402,0.19321
-0.17751,0.09654,-0.02303,-0.18035,0.06013,-0.38701,0.04439,0.06877,-0.01992,0.06169
NA,NA,NA,NA,NA,NA,NA,NA,NA,NA
-0.13699,0.02058,0.11468,-0.18581,-0.03038,-0.03649,-0.10294,-0.21904,-0.12843,-0.11995
-0.17861,0.57651,0.44804,-0.10254,0.18032,0.05144,0.21517,0.06795,-0.00962,0.047
-0.4252,-0.03975,-0.12,0.18438,-0.34748,0.2014,0.2832,-0.07401,0.23481,0.52495
0.07641,-0.07255,-0.27819,-0.03858,-0.12497,-0.11105,0.17382,-0.06044,0.09394,-0.00143
-0.15935,-0.04751,-0.19447,-0.14637,-0.01586,0.1481,0.07186,0.20352,0.23297,0.09537
0.07648,-0.46589,0.05374,-0.29982,0.01131,0.06323,0.24035,-0.16159,0.17965,0.14801
-0.12616,-0.1099,0.03186,0.0307,-0.10142,-0.08001,0.00314,0.03943,-0.06642,0.13545
-0.07498,-0.02697,-0.04314,-0.05144,-0.15061,-0.03962,0.03525,-0.10419,-0.1556,0.09174
0.14857,-0.01951,0.1395,-0.07089,-0.05203,0.10138,-0.06388,0.09171,-0.00326,0.03736
0.33562,0.19254,-0.09604,-0.34852,-0.20144,-0.31712,0.17101,5e-05,0.2425,0.07539
0.05984,0.24077,0.12682,-0.20556,-0.06747,-0.0796,0.38418,0.1871,0.11972,0.17281
0.25962,-0.13847,0.25899,-0.23266,-0.07956,0.02763,-0.18672,0.02569,-0.32348,0.05207
-0.30349,0.08898,-0.11011,-0.03023,0.38876,-0.21706,-0.26829,-0.19774,0.08284,-0.01776
1.75021,0.16101,0.62867,-0.37789,-0.18605,0.50148,-0.55994,0.47061,-0.51804,1.27831
0.10592,-0.45476,-0.13201,0.41225,-0.18389,-0.0185,-0.19217,0.19248,-0.12166,0.19751
-0.03053,0.19453,-0.44739,0.48443,0.38471,-0.17447,-0.24401,0.02108,0.14703,-0.26317
-0.36306,0.00014,0.22906,0.02584,-6e-04,0.01285,-0.06734,0.2038,-0.00375,-0.08669
0.19667,-0.5051,0.27199,0.32799,-0.7212,0.72082,-0.70702,-0.80546,0.21643,0.41812
-0.05971,-0.1647,-0.31185,0.00972,0.0535,-0.1183,0.05519,-0.11562,0.11855,0.00893
0.32093,0.01155,0.15783,0.4333,0.12102,0.35177,-0.107,0.14848,0.53986,-0.04998
0.35196,-0.2684,-0.28841,0.28505,0.17296,-0.10665,0.03424,0.07933,-0.11046,-0.05446
-0.13325,-0.23093,-0.2009,0.05485,0.17019,0.22545,0.45389,-0.18369,0.24291,0.27768
0.14324,0.15539,0.0166,-0.0252,-0.15151,-0.09343,0.03333,0.17685,0.26581,0.01932
0.04888,0.0029,-0.13464,0.0361,-0.01752,0.01266,0.10104,-0.13918,0.01457,0.20457
0.01091,-0.09354,0.25862,-0.12747,-0.21362,0.03736,0.19175,-0.19159,-0.25396,-0.12411
0.09907,-0.07417,0.05963,0.1433,-0.57321,-0.11485,-0.13567,0.40137,0.36427,0.09239
-0.3199,-0.12383,-0.21801,1.11083,-0.27622,0.28733,-0.59236,0.2878,0.1752,0.22881
NA,NA,NA,NA,NA,NA,NA,NA,NA,NA
0.45287,-0.37937,-0.12245,-0.11556,0.09477,-0.00872,0.42777,-0.03476,0.27441,0.2198
0.21475,-0.06195,0.18247,-0.44158,0.11656,-0.04086,0.16496,0.11922,0.22896,0.14877
-0.17493,0.21442,0.08021,-0.41216,-0.0706,0.02289,0.05256,0.27666,0.21686,0.27199
0.14395,0.11955,-0.46057,-0.09304,0.0683,-0.00327,-0.42586,-0.61851,0.1111,-0.33557
NA,NA,NA,NA,NA,NA,NA,NA,NA,NA
NA,NA,NA,NA,NA,NA,NA,NA,NA,NA
-0.22387,-0.0391,-0.08315,-0.27736,-0.1384,-0.28975,-0.13453,0.13406,0.21294,-0.1377
-0.02018,0.04347,-0.0243,-0.42402,0.0205,-0.0157,-0.01357,-0.04356,-0.24533,-0.07907
-1.36567,-0.32232,0.31319,-0.55157,0.10842,-0.06688,-0.15689,-0.10736,-0.20736,-0.05091
0.07965,0.00976,0.06694,0.05567,0.04219,-0.05341,0.18237,0.04153,0.01976,-0.07933
0.20195,0.41756,-0.17157,-0.31989,-0.34966,0.39675,0.18852,-0.09227,-0.05595,-0.03831
-0.11014,0.03647,-0.00363,0.07166,0.05179,-0.16277,-0.48465,-0.12032,0.17266,-0.06992
0.26111,-0.14103,0.11822,0.03866,0.08757,0.31878,0.40011,0.08878,0.05344,-0.06707
-0.21271,0.04939,-0.18909,0.59123,0.07228,-0.48402,0.24816,-0.04805,0.14214,0.40414
-0.14499,0.05025,-0.23097,0.02708,-0.04499,-0.03401,0.01702,-0.17455,0.08828,0.17728
0.16845,0.09155,-0.16105,-0.17305,0.07683,0.23287,0.19452,0.13503,0.26866,0.33637
-0.04729,-0.43272,0.04746,-0.1364,0.0408,-0.08716,0.24145,-0.08422,0.15444,0.09892
0.06728,0.0759,0.00723,0.09673,0.22938,0.09476,0.02924,-0.01903,-0.28635,0.038
-0.09048,0.24372,0.08335,0.57511,0.65419,0.53103,0.03884,0.13451,0.48018,0.39794
-0.254,-0.24721,0.04189,-0.01441,-0.09774,0.0261,-0.01216,0.15143,0.13395,-0.19305
0.14381,0.13816,-0.00376,-0.34119,-0.01106,-0.29676,0.45334,0.18506,0.23493,0.65224
-0.40025,0.17953,0.11726,-0.28686,0.08503,-0.0017,-0.08454,-0.21282,0.28917,-0.03013
0.37916,-0.1651,0.11554,0.30475,0.2671,0.3658,-0.22981,0.14313,0.07521,-0.1663
0.09027,0.09992,0.00896,-0.08519,0.00099,0.10371,-0.00012,-0.10755,0.03637,-0.02068
-0.03685,-0.32349,-0.79596,0.3057,-0.0793,-0.25034,0.12001,0.03783,0.37009,0.18099
NA,NA,NA,NA,NA,NA,NA,NA,NA,NA
-0.46226,0.20945,0.16329,0.20449,0.02712,-0.05898,0.09859,-0.06758,0.01959,-0.27377
0.20112,-0.15007,-0.30824,-0.2217,-0.03378,0.36366,0.07661,-0.18863,0.23732,0.10037
0.04241,0.01973,0.15764,0.12673,-0.07825,0.10821,-0.19286,0.16956,0.11356,-0.18482
0.06645,0.09564,-0.34333,-0.20141,0.0067,1e-04,-0.09643,0.00501,-0.0741,0.05794
-0.26537,0.48381,-0.18167,-0.32305,0.32519,-0.88444,0.77766,0.4486,-0.84163,0.72817
0.22942,-0.01288,-0.25114,0.34998,-0.09577,-0.02571,-0.26996,-0.13067,-0.18169,0.16944
0.09693,0.05,0.09642,-0.00936,0.06696,-0.00983,0.14945,-0.04999,-0.24996,0.07931
NA,NA,NA,NA,NA,NA,NA,NA,NA,NA
-0.19964,0.13106,-0.00904,-0.0061,-0.0321,0.07461,0.22044,0.07275,-0.30805,0.1345
0.12665,0.06317,0.19414,-0.04334,0.46276,-0.78074,-0.36401,-0.1493,0.32085,-0.39993
-0.03241,0.00683,0.00963,-0.01022,0.11808,0.05501,-0.00348,-0.03403,0.05804,-0.19131
-0.13,0.44458,-0.92726,0.31758,-0.41821,-0.00726,0.03333,-0.40667,-0.41459,0.0485
0.05938,0.15973,0.19308,-0.12619,-0.04887,0.14522,-5e-05,-0.09904,-0.15206,0.40152
NA,NA,NA,NA,NA,NA,NA,NA,NA,NA
0.21231,0.51678,0.28049,-0.42376,-0.15451,0.0121,-0.5025,-0.05858,-0.23446,0.08419
0.14925,-0.04436,-0.12405,0.03794,0.07448,0.02492,0.0448,0.04638,0.14636,-0.13066
0.33414,0.50006,0.32515,0.17835,0.09404,-0.00915,0.48958,-0.2266,0.17438,0.17795
NA,NA,NA,NA,NA,NA,NA,NA,NA,NA
NA,NA,NA,NA,NA,NA,NA,NA,NA,NA
0.26789,0.15597,0.1111,-0.624,0.22081,-0.27525,-0.37998,0.10839,0.20824,0.07495
-0.01114,0.28824,-0.04296,-0.03217,-0.2122,0.41073,0.15377,-0.08826,-0.32912,-0.15343
0.10987,0.11768,0.0815,-0.06126,-0.06641,0.16714,0.09675,0.13546,-0.00124,0.02784
-0.94821,0.05074,0.23063,0.03299,0.0376,0.58537,0.64538,-0.04758,-0.14822,0.01842
-0.19209,0.07523,0.10409,-0.38942,-0.00573,-0.16473,-0.05291,-0.19713,0.13701,0.33974
NA,NA,NA,NA,NA,NA,NA,NA,NA,NA
-0.07239,-0.53602,-0.47223,0.06328,-0.08947,-0.46742,-0.78632,-0.31354,0.09975,0.0825
0.2079,0.03014,0.29927,0.20062,0.05443,0.33151,-0.10738,0.05659,0.05357,-0.14011
0.04076,-0.02007,0.07118,-0.39177,0.52502,0.50536,-0.27274,0.16115,0.02827,0.44063
-0.27221,-0.23426,0.17409,-0.25904,0.19287,0.08127,0.14012,-0.10239,-0.1736,-0.07117
-0.2412,0.19045,0.12109,-0.14479,0.17309,0.01414,-0.35059,0.09431,0.21195,-0.12343
0.39685,-0.18897,0.21303,0.02939,-0.10768,0.10736,0.06345,0.31963,0.21505,0.01081
0.11756,0.19685,-0.23109,-0.22389,-0.48401,0.12635,-0.10707,0.2318,0.00555,-0.15334
-0.02905,0.43172,-0.19018,-0.50084,-0.19367,0.26601,-0.11728,-0.41667,0.36256,-0.15097
0.03806,-0.14542,0.03342,-0.1077,0.13338,0.07766,-0.31713,-0.20517,-0.26778,-0.18925
0.07007,-0.22378,-0.21616,-0.09302,0.09753,0.16395,0.07986,-0.08979,0.00651,-0.10201
-0.13918,-0.05903,0.21984,-0.00842,0.19446,0.11096,-0.16251,0.3277,0.01813,0.20472
0.00294,0.26012,-0.20756,-0.1083,-0.24075,0.24107,0.00951,-0.17304,0.02332,-0.00121
-0.01864,-0.2127,-0.03349,-0.07418,0.31389,0.10919,-0.45801,0.19209,-0.1874,-0.16437
0.12231,-0.10265,-0.15531,0.19736,-0.13509,0.06705,0.01516,-0.0588,0.0606,0.0247
0.12232,0.23539,-0.28052,0.60825,-0.00437,-0.58379,0.47165,-0.30534,0.15382,-0.70285
0.04133,0.08893,0.17218,0.13707,0.22598,-0.18145,-0.38783,-0.42948,0.06154,0.42056
0.36558,-0.22743,-0.20723,-0.10118,0.25833,0.23473,-0.09014,-0.15291,0.00042,-0.06449
-0.07542,0.01493,0.06224,0.03651,0.01404,-0.28256,-0.34593,-0.06886,-0.25723,0.33513
0.20214,0.21233,-0.00246,-0.02673,0.113,-0.00267,0.14101,0.11527,0.14798,0.14391
-0.25973,0.00257,-0.00978,0.00439,0.04974,0.13454,-0.14018,-0.11384,0.05254,-0.04093
0.23925,-0.11397,0.18546,0.19742,0.38483,0.03301,-0.13151,0.35286,-0.1438,-0.19125
NA,NA,NA,NA,NA,NA,NA,NA,NA,NA
0.63689,0.07417,0.19059,-0.29825,0.48216,0.09578,0.12387,-0.06074,0.2787,-0.17121
0.07796,-0.45236,-0.21672,-0.3732,0.10542,-0.56273,-0.67264,0.04477,0.98634,-0.33203
0.08221,-0.16649,0.08511,-0.1943,0.00337,-0.14891,0.15325,0.0207,0.22585,-0.19521
-0.49507,0.35272,0.21807,0.03776,0.6279,0.0444,-0.47741,-0.8497,0.3273,0.13638
0.00633,0.42312,-0.43388,-0.60213,-0.02147,0.33077,0.0453,-0.07353,-0.29949,0.18865
-0.13625,-0.34053,-0.1957,0.13315,0.18396,-0.09797,0.03171,0.17282,-0.07075,-0.2953
-0.07725,-0.00412,-0.08553,-0.0688,0.16297,0.19183,0.05493,0.06364,0.07242,0.07672
-0.29971,0.1368,-0.30163,-0.59362,0.31449,-0.01876,0.16688,0.36175,0.13961,0.1947
-0.01227,-0.18809,0.2348,-0.14107,-0.14721,0.10467,-0.06645,-0.16594,-0.04945,-0.04983
0.20217,0.28974,-0.24257,-0.34219,0.02121,-0.20866,-0.0345,0.04595,-0.02766,0.16598
-0.02313,-0.32122,-0.16678,-0.02222,-0.05579,-0.22644,-0.13951,0.03676,-0.10052,0.1296
0.04702,0.23047,-0.10053,0.23059,-0.10788,0.3688,0.0778,0.15401,0.42031,0.07642
1.52073,0.06432,0.04147,-0.45391,-0.29933,-0.98959,0.00316,-0.10912,0.61386,0.79076
-0.05948,-0.31965,-0.11807,0.30225,-0.06677,0.06426,-0.4697,0.12496,0.22398,0.24723
-0.15692,-0.05987,-0.36707,-0.27273,0.12949,0.00867,-0.02666,0.28658,0.09818,0.10101
0.0655,-0.19963,-0.00067,0.0247,-0.03228,-0.04256,0.11883,0.05596,-0.00559,-0.00663
0.36335,0.18842,0.02121,-0.07675,-0.14256,-0.04271,-0.07183,-0.06576,0.00267,0.3902
0.07266,-0.20508,-0.19193,0.15292,-0.04513,-0.06018,-0.06127,-0.27168,-0.2469,-0.02821
-0.31672,0.29236,-0.06225,-0.08298,0.1531,0.10884,0.17709,0.35557,0.18586,0.00135
0.21021,0.42535,-0.4796,0.11071,-0.27609,-0.26455,-0.12498,-0.17364,0.3711,0.01283
0.15995,-0.19041,0.16793,0.05493,-0.14813,0.04973,0.17428,0.26103,-0.1244,-0.16359
0.24238,-0.54506,-0.11878,-0.10017,-0.36102,0.02544,-0.38174,-0.20696,-0.21598,-0.36051
0.04571,0.15907,-0.0883,-0.18973,0.22196,-0.00522,0.20355,-0.11617,-0.09622,0.19964
0.11882,-0.03844,-0.01607,-0.07927,-0.15777,-0.07508,-0.09313,0.23049,0.064,0.22306
-0.17279,-0.2009,-0.09,-0.22114,0.11501,-0.43424,-0.26006,0.17927,-0.15043,0.25452
-0.05471,-0.00805,-0.24057,-0.09797,-0.29159,0.28221,0.2045,-0.09833,0.3469,0.39975
-0.63511,0.13062,-0.07007,0.11893,-0.11083,0.50525,-0.37174,0.75342,-0.22286,0.21106
-1.86928,0.91333,-0.37125,-2.45459,0.95597,-1.31465,-0.08806,-1.21184,-0.21212,1.83392
NA,NA,NA,NA,NA,NA,NA,NA,NA,NA
-0.14589,0.04464,0.05857,0.15851,-0.31829,-0.11713,0.02106,0.25708,-0.12731,-0.17367
0.06158,0.29338,0.11993,0.03784,-0.35055,0.03065,-0.27044,0.01899,-0.11552,0.11755
0.24828,-0.01371,-0.01538,0.03478,-0.06811,0.42992,-0.62783,-0.38745,0.37323,0.02749
-0.15724,-0.09013,-0.11911,-0.00561,0.05636,-0.14536,-0.0577,-0.04161,0.01396,-0.2249
0.04471,0.1917,0.00389,-0.10435,-0.32134,-0.19399,0.08301,-0.14709,-0.35746,0.20276
0.28733,-0.67728,-0.38246,0.06633,-0.47589,0.78136,-0.81642,-0.16362,-0.41051,0.38655
0.04043,0.18226,-0.08446,0.11759,-0.10687,0.08348,0.14259,0.14315,-0.25527,-0.12414
NA,NA,NA,NA,NA,NA,NA,NA,NA,NA
-0.14361,0.22285,-0.04255,-0.10832,0.09958,-0.23455,0.12453,-0.01072,-0.18745,-0.18301
0.02094,-0.36674,-0.0135,-0.19185,-0.05574,-0.48243,-0.02024,-0.3601,0.56712,-0.69687
0.18682,0.10715,-0.2471,-0.41911,0.25804,0.00353,0.06397,0.06493,-0.06586,-0.34139
0.05512,0.26035,0.01593,0.17528,0.07831,-0.05182,-0.02211,-0.14704,-0.17487,0.25497
NA,NA,NA,NA,NA,NA,NA,NA,NA,NA
-0.06943,-0.03941,-0.12245,-0.25175,0.3678,-0.20544,-0.24431,0.2143,0.39639,0.00934
0.02125,-0.07399,-0.10851,-0.06923,-0.18609,0.26077,0.00252,-0.216,0.3648,0.01958
0.08844,-0.11234,0.04328,-0.01594,-0.10537,-0.10615,-0.25494,0.10551,-0.26223,0.13844
NA,NA,NA,NA,NA,NA,NA,NA,NA,NA
-0.11077,0.09107,0.16547,0.17061,-0.1675,0.08404,-0.05459,-0.17581,-0.0146,-0.12039
0.03127,0.03315,0.04599,0.1802,0.22205,0.03296,0.11012,0.0205,0.08792,0.10176
-0.24452,-0.05087,-8e-04,-0.02887,-0.11505,-0.05371,0.03551,-0.08832,-0.42646,-0.24483
-0.14215,-0.43526,-0.05484,-0.0364,0.14287,0.14495,0.11649,0.0037,0.0274,-0.28307
0.00747,-0.22974,-0.02716,0.26821,-0.04517,0.09931,0.10227,-0.10137,0.14706,-0.13164
NA,NA,NA,NA,NA,NA,NA,NA,NA,NA
-0.63993,-0.34369,-0.28918,0.54384,-0.32378,-0.78372,-0.3204,0.28946,-0.15087,-0.42374
-0.43644,0.88116,-0.33424,0.16612,-0.26169,0.94722,0.41285,0.87462,0.393,-0.41935
-0.15698,-0.13046,-0.19628,0.10523,0.27762,0.13759,-0.09647,0.11749,0.05908,-0.02281
0.44522,-0.64686,0.03376,0.19142,-0.42225,-0.46526,-0.03864,0.00085,-0.57593,0.01623
-0.46145,0.08727,-0.19032,-0.21516,-0.11737,0.15644,0.19611,-0.23576,0.17613,-0.58897
0.01345,-0.16561,-0.06542,-0.63992,-0.20794,-0.14742,0.23924,-0.23067,-0.35652,0.33579
0.01598,0.17821,0.01362,-0.06932,0.05587,-0.02813,0.27844,-0.0176,0.1731,-0.07552
NA,NA,NA,NA,NA,NA,NA,NA,NA,NA
-0.32305,-0.09217,0.00869,-0.22821,0.05173,0.04034,-0.39133,-0.09239,-0.55401,0.07367
NA,NA,NA,NA,NA,NA,NA,NA,NA,NA
-0.05656,-0.29506,0.46954,-0.25865,-0.26114,-0.20009,0.21451,-0.26191,-0.53658,-0.69135
0.09043,-0.02384,0.14866,-0.21079,0.16732,0.1549,-0.11596,-0.11139,0.27366,-0.3
NA,NA,NA,NA,NA,NA,NA,NA,NA,NA
0.59127,0.13474,-0.50335,-0.74309,-0.15289,0.1316,0.41765,-0.75742,0.40454,0.40056
NA,NA,NA,NA,NA,NA,NA,NA,NA,NA
0.33187,0.03948,0.65663,0.27081,0.04178,0.09221,0.2284,-0.40913,-0.01502,0.20751
-0.24747,-0.12368,0.03538,-0.15438,-0.31079,-0.24288,0.01587,-0.28833,0.34875,0.09234
NA,NA,NA,NA,NA,NA,NA,NA,NA,NA
-0.13137,0.09947,0.21521,0.24654,-0.03791,-0.28299,0.46568,-0.43472,-0.04085,-0.52769
-0.1404,-0.08106,0.16133,-0.03819,0.00958,0.4127,-0.00694,0.40933,0.23568,0.321
NA,NA,NA,NA,NA,NA,NA,NA,NA,NA
-0.09597,-0.00126,-0.14427,-0.06158,-0.2218,-0.13464,0.00935,-0.18143,-0.31958,0.38221
0.1105,0.0274,0.02695,0.06015,-0.16531,-0.22811,-0.06821,0.19638,-0.09113,-0.09905
0.09529,0.04977,0.09148,-0.29186,-0.00458,0.36058,0.1181,0.25278,0.61538,0.38986
-0.15969,-0.13798,0.03728,-0.12686,0.15552,0.24476,-0.05414,0.04416,-0.55635,-0.00417
0.80729,-0.1756,0.06974,0.16334,-0.3285,0.39391,-0.50314,0.01392,-0.04876,0.08822
0.13006,-0.09821,-0.09994,-0.09435,-0.05797,-0.06362,0.00762,0.01038,-0.05194,0.00064
0.15218,-0.1116,0.38202,-0.03379,0.41268,0.26735,-0.08305,-0.00373,0.1348,0.10239
0.07015,0.04448,-0.20871,0.16701,0.22528,0.14315,-0.04731,0.09564,0.13874,-0.04747
-0.15113,-0.19751,0.22363,-0.12648,-0.00346,0.2806,-0.11502,-0.0856,0.41751,0.14702
-0.01128,0.11246,0.19859,-0.08002,-0.33642,0.09594,0.24961,0.10236,0.0277,-0.2861
NA,NA,NA,NA,NA,NA,NA,NA,NA,NA
0.14899,0.31001,-0.07907,0.00053,0.26797,0.06794,0.09221,-0.31662,0.18834,0.3253
0.0739,0.23952,-0.24406,0.44071,0.12044,-0.14871,0.13007,-0.15318,-0.05757,0.17645
0.34133,-0.16507,0.45958,-0.43881,0.18361,-0.31627,0.12941,-0.35268,0.25417,-0.33414
0.02603,-0.18934,-0.94225,-0.17869,0.36469,-0.33172,0.50016,-0.19871,-0.2118,0.21712
0.04591,-0.12947,-0.16939,-0.08224,-0.02738,0.14424,-0.24861,-0.01058,-0.03109,-0.2731
-0.18623,0.12109,-0.15717,0.35536,-0.37316,0.00548,0.04477,-0.03321,0.24182,0.16925
-0.5727,-0.19753,0.28856,0.49056,-0.04202,0.04579,-0.41053,-0.07725,0.2096,-0.21399
NA,NA,NA,NA,NA,NA,NA,NA,NA,NA
-0.9773,0.57446,-0.23078,0.07009,-0.18132,-0.20999,0.18373,-0.34441,-0.25979,-0.48249
-0.15832,-0.14087,-0.12224,0.11635,0.1986,0.44205,-0.07152,-0.20344,0.0875,0.29339
-0.03836,0.44329,0.11137,-0.09478,0.18563,0.13001,0.38531,0.36299,0.61991,0.03881
-0.14684,-0.05547,-0.04812,-0.0746,0.16379,0.09369,-0.15843,0.00371,-0.03053,-0.39713
0.38375,0.01025,0.09434,0.19742,0.39386,0.00477,0.56486,-0.20638,0.29922,-0.61912
NA,NA,NA,NA,NA,NA,NA,NA,NA,NA
NA,NA,NA,NA,NA,NA,NA,NA,NA,NA
0.08716,-0.13417,0.00224,-0.19936,-0.09581,-0.18033,-0.11829,-0.13695,0.10694,0.19871
-0.2875,0.08557,0.09167,-0.15078,0.14142,0.08277,0.06324,0.00369,-0.06234,0.11155
0.30518,-0.24282,0.04946,0.02685,-0.057,-0.01687,0.13859,0.02608,0.00168,0.06329
0.09021,0.03372,0.1882,0.06199,0.27508,-0.03528,0.08885,-0.00717,-0.28074,-0.11966
-0.13517,0.06077,-0.06491,0.11112,-0.08028,0.04678,-0.13221,-0.07527,-0.04094,-0.01395
0.14087,0.15766,0.1604,-0.18967,0.03375,-0.24607,0.09804,-0.09613,-0.26184,0.13219
-0.05563,-0.10351,-0.19871,0.11651,-0.06926,-0.05636,0.35452,0.0905,-0.15366,-0.04008
-0.04064,-0.28482,-0.01759,-0.03478,-0.36715,0.18181,0.17151,0.12612,-0.14919,0.4479
-0.26004,0.25721,-0.61909,0.3863,-0.63605,0.54533,0.11793,-0.46117,-0.22331,-0.50372
0.02848,0.26327,0.10749,0.00953,0.01567,-0.14419,-0.08369,0.06993,0.02743,-0.04808
0.02464,0.09668,0.05598,0.05559,0.22349,-0.16723,0.00354,-0.07052,0.02911,0.20245
-0.24882,0.02809,-0.03461,0.09261,-0.06387,0.03907,0.49731,-0.165,-0.1434,0.02564
NA,NA,NA,NA,NA,NA,NA,NA,NA,NA
-0.02865,-0.0998,-0.20172,0.00454,0.17078,0.14307,0.04051,-0.14539,-0.34556,-0.03806
NA,NA,NA,NA,NA,NA,NA,NA,NA,NA
-0.11675,-0.0023,-0.04582,0.32077,-0.14326,-0.05678,0.16156,-0.10502,0.03564,-0.05202
-0.18176,0.14816,0.19492,0.22741,0.28168,-0.13041,-0.4411,0.07929,0.15373,-0.0717
-0.10445,0.93203,-0.33429,0.44097,-0.05028,-0.2102,0.21602,-0.87943,-1.11902,0.3304
-0.06756,-0.13948,0.01684,-0.12505,-0.04901,-0.20132,-0.14455,-0.29561,-0.08458,-0.03644
0.01127,0.11869,-0.06835,0.3798,0.06624,0.06623,-0.06856,0.2268,-0.28309,-0.17745
-0.27897,-0.0304,0.53646,0.4314,0.10732,0.00861,-0.69658,-0.12921,0.09204,0.41082
0.21236,0.02164,0.13819,0.06846,-0.01039,-0.14548,-0.01473,0.17651,-0.03535,0.13953
-0.10347,0.06245,-0.11088,0.08674,-0.18847,0.05611,0.02915,0.05068,-0.09621,-0.20565
0.11418,-0.15645,0.46461,0.11908,0.90054,-0.18836,0.33799,0.03814,-0.25996,0.13374
0.22562,0.02043,0.2742,0.12009,-0.07899,-0.28114,-0.16503,-0.20801,0.16084,-0.13043
0.05574,0.12868,0.01642,0.23449,0.28616,-0.00299,0.08112,0.09402,-0.06244,-0.00075
-0.21212,-0.06691,0.19988,-0.19092,0.10461,-0.14225,0.10333,0.31582,-0.10073,-0.07111
-0.50739,-0.02677,0.11983,0.06252,-0.08107,-0.10618,0.19592,-0.23599,0.09845,0.02627
-0.20997,0.41845,0.27686,-0.65511,0.45588,0.3385,0.1028,-0.90262,0.21973,0.56481
0.07716,0.47456,0.02102,0.37659,-0.13109,-0.11017,0.50682,-0.71185,0.3601,0.79736
0.05566,0.1201,-0.04459,0.1138,-0.11064,0.28791,-0.09629,0.08705,-0.14106,-0.18378
-0.32649,-0.03138,0.20865,-0.12516,0.31843,-0.11613,-0.15869,0.00271,-0.0267,0.07561
-0.05438,0.12096,0.22738,-0.23797,0.10723,0.10548,-0.18647,-0.37684,-0.21223,-0.01469
0.26081,-0.11283,-0.42727,0.01692,0.06347,-0.06536,-0.1607,0.05601,-0.19684,0.25714
-0.05841,-0.04691,-0.03144,0.08577,0.10339,0.14002,-0.20912,0.35167,0.05655,0.09283
0.26822,0.14344,-0.13238,0.03926,-0.09734,-0.56762,-0.35136,-0.08434,-0.35321,-0.01895
-0.13579,-0.17185,-0.26269,-0.01292,-0.11846,0.41413,0.01737,-0.16609,0.34167,-0.01729
0.18138,0.05367,-0.05291,0.16061,0.45453,-0.16536,0.0099,0.00569,0.02448,-0.27103
0.07534,0.26258,-0.1917,-0.30021,-0.19979,-0.08134,0.31031,-0.12561,-0.25315,-0.0863
NA,NA,NA,NA,NA,NA,NA,NA,NA,NA
-0.46633,-0.03055,0.18679,-0.39677,-0.23141,-0.14901,0.16635,0.02796,-0.10987,-0.58695
0.01341,0.23689,0.13877,0.25575,0.02293,0.24229,0.28976,0.01017,-0.19799,-0.04166
0.70555,-0.33864,0.37058,0.54242,-0.25626,-0.23209,-0.47337,-0.38443,-0.24171,0.2459
0.1352,-0.1355,0.29953,0.17921,0.10373,-0.08137,0.31536,0.01549,-0.10996,0.41295
0.13387,0.2043,0.15225,0.04955,0.11747,0.09185,0.03722,0.39375,0.12697,-0.08906
-0.08577,-0.77138,-0.11476,0.43819,-0.48553,0.11104,-0.1041,-0.88972,-0.58244,-0.02103
0.09247,-0.01355,-0.18627,0.12678,0.1228,-0.06948,0.00583,0.04518,-0.11292,0.13187
0.13707,-0.03659,0.18311,-0.16698,-0.00195,-0.19255,-0.00761,0.05686,-0.166,0.21332
-0.15468,0.42285,0.00647,0.04015,0.50281,-0.08738,-0.17981,-0.13562,0.45921,0.19081
0.26201,-0.17058,-0.16769,-0.1497,-0.16098,-0.23505,0.28227,-0.31345,0.23886,-0.50507
0.13028,0.02,-0.00207,0.19731,0.03905,-0.15281,0.20709,-0.22489,-0.04429,-0.22436
-0.0592,0.19088,0.39911,0.00895,-0.20911,-0.24213,-0.24517,0.04291,0.07264,-0.01856
0.10694,-0.12457,-0.37131,0.08921,-0.38369,0.13408,-0.06589,0.10516,-0.19919,-0.1736
0.22304,-0.01818,0.3573,-0.20067,0.0308,-0.23978,0.32492,-0.19643,0.47871,-0.56664
-3.596,0.45262,-1.33626,-2.88836,-0.34762,2.13759,-2.31401,2.3126,-0.09961,1.05329
0.02402,-0.05221,0.1035,0.09758,-0.01392,0.1099,-0.03545,-0.10158,-0.05138,0.12813
-0.07063,-0.10693,-0.04549,-0.08747,0.01924,-0.27481,-0.05942,0.19672,-0.15464,0.13155
-0.10213,-0.15848,0.08601,0.01103,0.08242,-0.02131,-0.07852,0.02561,-0.08113,0.1233
NA,NA,NA,NA,NA,NA,NA,NA,NA,NA
NA,NA,NA,NA,NA,NA,NA,NA,NA,NA
NA,NA,NA,NA,NA,NA,NA,NA,NA,NA
-0.04953,-0.14475,-0.02401,0.16093,0.07998,0.02715,0.15079,0.10354,0.07576,0.06506
-0.1874,-0.05443,0.18396,0.23652,-0.10894,-0.11878,-0.06977,-0.2271,-0.22769,-0.10132
0.07781,-0.05294,0.24181,0.20967,0.14795,-0.28509,0.40285,0.09209,0.51455,-0.09388
-0.13662,0.0923,-0.00113,-0.04052,-0.0789,-0.01268,0.17445,0.00039,0.0866,-0.03737
0.01873,-0.08047,0.17807,-0.06208,-0.09982,-0.15696,0.3158,0.13799,0.04791,-0.20534
0.30188,0.25954,0.47242,-0.02277,-0.60736,0.71837,-0.74071,0.23008,0.65113,0.92699
-0.22812,0.88085,-0.8954,0.18364,0.21563,0.66581,0.21281,-0.42099,-0.42155,-0.07844
-0.15822,0.02871,0.22159,-0.18481,0.17877,-0.03708,0.09245,0.08265,0.02748,-0.11114
1.10522,-1.13266,-0.0087,-0.37811,-1.53106,-0.21495,0.3287,1.01705,1.61402,0.02777
0.1506,-0.104,-0.1096,-0.23389,0.08583,-0.28671,0.05877,0.22334,-0.08457,0.34039
NA,NA,NA,NA,NA,NA,NA,NA,NA,NA
-0.14504,0.07322,0.16792,0.06987,-0.02495,-0.02543,0.15964,0.00083,-0.16037,0.00379
0.05723,-0.14094,0.0582,0.67429,0.09429,-0.07409,-0.20926,0.54143,0.22432,-0.17465
-0.34386,-0.2567,-0.14129,0.30416,-0.24379,0.01021,0.21216,0.1309,-0.10935,-0.30487
-0.22372,0.03362,0.18336,-0.32813,0.03692,0.05799,-0.10694,0.17594,0.12513,0.11494
-0.01447,-0.22956,-0.06105,0.27145,-0.04124,-0.11039,0.45417,0.06765,0.01984,-0.04707
-0.37468,-0.2792,0.01837,-0.10014,0.22821,-0.42952,0.49687,-0.12681,-0.60902,-0.35857
0.08087,-0.32504,0.07572,-0.1057,-0.06552,0.35881,0.21477,0.1364,-0.10963,-0.06183
0.22047,-0.12753,0.30499,-0.16256,0.23913,-0.13731,0.12479,-0.34382,0.19335,0.34158
-0.12548,0.05957,0.11817,-0.22857,0.00978,-0.04687,-0.25965,-0.02873,0.20305,0.16701
-0.43889,-0.46398,0.03654,-0.2752,-0.20942,0.2122,-0.01049,0.30783,0.31211,0.12551
0.05904,0.64982,0.44892,0.35519,0.77588,0.36106,-0.11825,-0.31371,-0.29423,0.49426
0.18828,-0.32104,-0.06499,-0.28492,0.1487,-0.02125,0.01792,-0.39939,-0.17109,0.02166
NA,NA,NA,NA,NA,NA,NA,NA,NA,NA
0.19314,0.02474,0.22742,-0.04981,-0.38683,0.66426,-0.15217,-0.20467,0.63372,-0.67481
0.00156,0.14647,-0.16646,-0.03291,0.12662,0.18509,-0.16041,0.11806,0.26765,0.02634
-0.32286,-0.16623,0.03765,0.27983,0.03224,0.00918,0.30763,0.12085,0.21337,-0.16235
0.27031,-0.14143,-0.01752,0.32195,-0.06666,-0.16832,-0.19857,-0.05461,0.3274,-0.31274
NA,NA,NA,NA,NA,NA,NA,NA,NA,NA
0.44589,0.2981,-0.2165,-0.14767,-0.02373,-0.17096,0.39176,-0.43334,-0.31777,0.18077
0.39775,-0.09907,-0.06317,-0.0947,-0.13207,0.58381,-0.25205,0.22358,0.35322,0.41351
0.0927,-0.23096,0.05642,0.55277,0.06879,-0.03795,0.08719,0.02845,-0.15546,-0.11657
-0.08923,-0.5776,0.48391,-0.37926,0.38265,0.11796,-0.09949,0.24506,0.01032,-0.18789
0.09638,0.03146,-0.05814,0.62989,0.12077,0.09143,0.01232,0.32966,0.28857,-0.10418
0.19669,-0.08196,-0.16603,-0.37447,-0.142,-0.15075,-0.31663,-0.17191,0.06062,-0.11162
-0.02236,0.10876,0.04159,0.04027,-0.27487,0.35502,-0.03649,-0.03851,0.3508,0.02464
NA,NA,NA,NA,NA,NA,NA,NA,NA,NA
0.18999,0.72842,0.58743,-0.07254,0.01919,-0.0498,0.1161,0.34567,-0.16918,0.21155
0.07853,0.0439,0.21198,0.33794,0.02384,-0.27467,-0.13207,-0.00314,-0.12171,0.18283
0.1307,-0.25189,0.07082,0.12198,-0.0104,0.42642,0.00819,0.24789,0.08586,-0.02294
-0.03742,0.289,-0.16486,-0.21891,0.32967,0.22747,0.23144,0.07422,0.31225,0.5116
0.2567,0.46429,0.12756,-0.06034,0.20755,-0.25391,-0.42682,0.12431,0.02106,-0.16923
-0.21669,0.42665,0.08293,-0.00504,-0.09075,-0.46421,0.47019,-0.17412,-0.22705,0.41499
0.25232,-0.11851,-0.1269,0.17591,0.13254,-0.11452,-0.18681,-0.21646,0.35748,0.22916
0.03299,-0.35569,0.12346,0.11273,0.03017,0.03125,0.33259,-0.31706,-0.18215,-0.55699
NA,NA,NA,NA,NA,NA,NA,NA,NA,NA
-0.04143,0.02891,-0.48883,-0.20133,0.19216,-0.02213,-0.0974,-0.18923,-0.02885,-0.17219
0.02686,-0.0363,-0.04066,0.04985,-0.04757,0.17897,-0.14455,0.07478,-0.22872,-0.25595
0.07128,-0.1702,-0.04208,0.29658,-0.28138,0.22225,0.03074,0.12404,-0.23206,-0.0846
-0.06986,0.18757,0.41338,0.17703,0.54325,0.06065,-0.34063,0.81819,-0.08339,0.09915
-0.74142,-0.20661,0.02988,-0.02158,0.1101,-0.30474,-0.26668,0.46935,-0.07318,-0.05847
0.38501,0.28815,-0.0602,0.42055,0.81701,-0.07399,-0.15012,-0.31644,-0.11485,0.70756
-0.18001,-0.08449,0.04193,0.05707,-0.00169,0.07358,0.12457,-0.19888,0.0329,-0.18603
0.31859,-0.1411,-0.10758,-0.21414,-0.00731,0.22039,-0.05092,-0.0468,0.00766,0.11238
0.19376,0.06818,0.00421,0.09183,-0.281,0.12385,0.17951,0.03015,0.1831,0.0197
0.14005,-0.22065,-0.32535,-0.21212,-0.5751,0.40224,0.93102,0.10374,1.11762,-0.08804
-0.06722,0.31125,0.24715,0.00809,-0.1045,0.42663,-0.11802,0.28487,-0.12729,-0.13257
0.11552,0.02284,-0.1029,-0.37722,0.00411,0.01122,-0.08014,-0.03165,-0.22733,0.04525
0.04637,0.14731,-0.16858,0.01161,0.1611,0.27143,0.16746,-0.10283,0.09098,-0.13818
-0.12989,-0.23538,0.04018,-0.16444,0.05968,0.01566,-0.06046,-0.04223,0.0884,0.29403
0.21073,0.16594,0.037,-0.47887,-1.01968,-0.1203,0.02692,-0.45951,0.35802,-0.51516
-0.53326,-0.01694,-0.22029,-0.06667,0.43303,0.02531,0.07438,0.15842,-0.24995,0.11217
0.08348,0.033,-0.26844,0.32105,-0.40647,-0.15883,-0.26927,-0.14898,0.14885,-0.17892
-0.09636,-0.14611,0.17916,-0.05267,0.11926,0.19971,0.02215,-0.04843,-0.43719,0.00393
0.42557,-0.07613,0.08143,-0.17415,-0.15798,0.25402,0.43172,-0.18051,0.06744,-0.10759
-0.18545,0.39747,0.46562,0.02627,-0.44201,-0.74186,0.0892,0.08847,0.04681,-0.45535
-0.27654,-0.04104,-0.2455,0.21569,-0.14401,0.24704,-0.17361,-0.42861,0.24771,0.18396
-0.21885,-0.09766,0.07458,0.17661,0.07286,0.017,0.01187,-0.15827,0.17349,-0.00417
0.07139,0.13643,0.72907,0.11694,-0.63349,-0.04265,-0.2942,-0.06217,-0.14914,0.08847
0.23163,0.2763,0.31884,0.15012,-0.13926,0.55164,0.20552,0.11171,-0.02884,-0.14393
-0.10401,-0.17582,0.07457,-0.22793,0.331,-0.38817,-0.32783,0.1586,0.14279,-0.20214
0.26064,-0.02098,0.02566,-0.23383,-0.34239,0.24522,-0.04088,0.39771,0.52393,0.07292
0.33755,-0.21606,0.04782,0.078,-0.1873,0.03197,0.30433,0.44251,-0.21472,0.08934
0.0323,0.16566,-0.23771,-0.27321,-0.22402,0.45566,0.30939,-0.14459,0.17672,0.05171
0.10944,-0.24151,0.44863,-0.12183,-0.23918,-0.05188,0.25314,-0.16961,0.10382,-0.23343
0.26413,-0.60728,0.1348,-0.16061,-0.14466,0.24453,0.43029,0.22656,0.09021,0.18945
NA,NA,NA,NA,NA,NA,NA,NA,NA,NA
0.20441,0.34861,-0.03334,0.41858,0.03134,0.00213,0.39009,-0.04245,0.01951,-0.22139
-0.23604,0.1159,0.17406,-0.09493,-0.09101,-0.24994,0.21277,0.07951,-0.21326,0.00332
-0.03774,-0.0501,-0.08366,-0.07566,0.07832,-0.05056,0.21576,-0.0106,-0.09219,-0.18536
-0.1544,0.07397,-0.15654,-0.20391,0.07396,0.01931,-0.14664,0.05234,0.39462,-0.03851
NA,NA,NA,NA,NA,NA,NA,NA,NA,NA
NA,NA,NA,NA,NA,NA,NA,NA,NA,NA
-0.20459,0.1722,-0.1727,0.14183,0.13497,-0.00288,-0.04122,0.10027,0.28797,-0.06207
0.09175,0.15815,-0.41587,0.17335,0.14236,0.14549,-0.33713,-0.00968,-0.15261,-0.32319
-0.10487,0.11326,-0.20875,-0.06744,0.09414,0.06369,-0.12625,-0.08632,0.02588,-0.10093
0.14398,0.11171,-0.03809,0.14443,-0.09493,-0.10796,-0.16854,0.03653,0.03028,-0.01152
0.05415,-0.12778,-0.03018,0.03146,-0.13298,0.1858,-0.07631,0.05385,-0.04389,-0.13464
0.02399,0.00908,-0.2419,0.25272,0.04692,0.01891,-0.27807,-0.05723,0.26437,-0.06455
0.16369,0.00216,0.16058,0.1946,-0.1443,0.14536,0.24697,0.11201,0.14155,-0.48012
0.00626,-0.3216,-0.24781,0.03418,-0.14414,0.05999,0.28807,0.11752,0.03467,0.12225
-0.10377,0.10382,-0.22615,-0.07835,-0.32492,0.25281,-0.26016,-0.08087,-0.0917,-0.27722
-0.34735,-0.36041,-0.03385,0.13162,-0.15216,-0.1954,-0.51171,-0.35936,-0.04176,0.35265
NA,NA,NA,NA,NA,NA,NA,NA,NA,NA
0.68942,0.26517,-0.16773,-0.52521,0.35183,0.24015,0.40941,-0.98417,0.22605,0.2506
0.07504,0.18715,-0.2637,-0.02047,-0.32335,-0.02131,-0.39069,0.25963,-0.13484,0.1681
0.14489,-0.0113,0.11554,0.10982,0.09107,-0.00014,-0.35025,0.19686,0.36055,0.23248
0.16747,-0.28746,0.1576,0.38849,0.0674,-0.03851,0.11192,0.09479,0.04964,-0.00561
-0.15383,-0.06514,0.24337,-0.07175,0.08178,0.19382,-0.07606,0.24221,0.17066,-0.13124
-0.22973,-0.23455,-0.08928,0.11053,-0.07759,0.12142,0.14858,0.18391,0.26565,-0.12644
NA,NA,NA,NA,NA,NA,NA,NA,NA,NA
NA,NA,NA,NA,NA,NA,NA,NA,NA,NA
0.23625,0.02956,-0.17362,0.26946,-0.15388,-0.06048,0.12361,0.17548,0.09392,0.01845
-0.1624,0.10193,0.14107,0.21414,0.21972,-0.02451,-0.24402,-0.03531,0.03647,-0.05895
NA,NA,NA,NA,NA,NA,NA,NA,NA,NA
0.20665,-0.08959,0.03952,0.00095,-0.10927,-0.07141,0.17257,-0.18664,0.09669,-0.16423
0.0329,-0.01754,-0.20515,0.03086,-0.07946,-0.1696,-0.12039,-0.03457,0.26932,0.16999
0.35768,-0.19093,0.5271,0.36402,0.32756,-0.06399,-0.03537,0.42998,-0.17316,0.46217
-0.24162,0.5036,-1.18911,-0.56437,0.16721,-0.06686,1.10701,-0.05644,0.39983,0.24252
-0.54034,-0.72136,1.28005,0.2111,-0.77987,0.6193,-1.01567,1.55753,-0.3593,-0.50527
-0.25889,0.10391,0.13652,0.01121,-0.13916,0.1961,-0.07246,0.15774,-0.10195,-0.04168
NA,NA,NA,NA,NA,NA,NA,NA,NA,NA
0.0094,-0.36504,0.21068,0.06337,-0.24606,-0.09127,-0.03215,0.3875,-0.22863,-0.01434
NA,NA,NA,NA,NA,NA,NA,NA,NA,NA
NA,NA,NA,NA,NA,NA,NA,NA,NA,NA
0.12687,-0.12118,-0.43536,0.32246,-0.29891,-0.13084,0.16341,-0.59025,0.25027,-0.21124
NA,NA,NA,NA,NA,NA,NA,NA,NA,NA
NA,NA,NA,NA,NA,NA,NA,NA,NA,NA
-0.16699,0.02633,-0.00267,0.13126,-0.11318,-0.01689,0.19116,-0.14577,0.05065,0.10083
0.16346,-0.03395,0.04197,0.1618,-0.42714,0.55434,-0.13257,0.40608,0.26051,0.34206
-0.09488,0.03296,0.03239,-0.3056,0.11457,0.00487,-0.06428,0.29763,-0.11637,0.05485
-0.16262,0.18456,-0.15371,0.13564,-0.03607,-0.38928,-0.2469,-0.09524,-0.03785,-0.01415
0.06514,0.03648,0.23243,-0.02152,-0.00542,0.14371,0.01679,-0.11546,0.0696,-0.0226
0.46811,-0.16383,0.15712,-0.35683,0.46847,-0.02233,0.02493,0.29014,0.01499,-0.0562
0.4551,0.93528,-0.24021,0.46737,0.42017,0.85321,-0.22868,0.26529,1.28145,-0.49612
-0.12142,-0.08162,0.17061,-0.09724,0.04039,0.16472,-0.18788,0.19426,0.2826,-0.04489
0.18771,0.07851,0.19773,-0.10699,0.04623,-0.03451,-0.19325,-0.03261,0.17325,-0.00159
0.52785,-0.21376,-0.03752,-0.18372,0.02645,0.05267,-0.18764,-0.19895,0.08568,0.01436
0.14529,0.09158,0.12077,0.01691,-0.19545,0.23989,0.00278,-0.11882,0.062,-0.14078
-0.21629,-0.4158,0.44218,0.26774,-0.44908,0.10092,-0.14106,-0.50176,-0.22513,0.11716
-0.23277,0.05788,-0.30217,-0.30726,0.03373,0.05351,-0.30581,-0.20374,0.14845,-0.23043
0.05545,0.55601,-0.56501,0.05137,0.36176,0.31886,0.72339,0.62883,-0.24842,-0.05262
0.53935,-0.11142,-0.10686,0.09555,0.141,0.02802,-0.33879,0.00383,-0.06344,0.10918
-0.28126,0.5061,0.09356,0.20425,0.16625,-0.3717,-0.36845,0.4048,0.24416,0.59934
-0.24413,-0.23167,0.17759,0.29234,0.00438,-0.1423,-0.20459,-0.17327,-0.19,0.31189
-0.1686,-0.06524,0.05982,0.02074,0.11846,-0.10627,-0.10988,-0.02192,0.20574,0.08652
-0.00185,0.24289,0.11666,-0.05085,-0.3302,-0.42549,-0.53567,-0.15957,0.07964,-0.06613
0.55472,0.30824,-0.32628,-0.15985,-0.13135,-0.20428,-0.07331,0.02198,-0.40025,0.02484
-0.12985,0.04142,0.01632,0.03264,-0.40751,0.14286,-0.00308,0.07644,0.33973,-0.13806
0.02209,0.07036,0.17387,0.19057,-0.21995,0.04159,0.06594,-0.1412,0.14673,0.08272
-0.08763,-0.22844,-0.09777,-0.26112,0.37556,-0.23067,0.05408,-0.10704,-0.22868,-0.11965
0.09181,0.17553,0.06259,-0.09367,-0.06438,-0.12922,0.19408,0.06963,-0.10145,-0.14317
0.03888,0.04842,-0.01006,0.12558,0.01072,-0.08293,-0.0948,-0.09584,-0.28691,0.08398
-0.02734,0.00688,0.13079,0.38806,-0.25677,-0.41274,-0.06331,0.15564,0.20656,-0.0089
-0.33962,0.13014,0.09632,-0.48014,-0.1538,0.67239,0.08141,-0.35648,-0.25926,0.40962
-0.08121,0.40375,0.11728,-0.01144,-0.39942,-0.01963,0.08212,0.04653,-0.068,0.22723
-0.2084,-0.52881,-0.19131,-0.13021,-0.11512,-0.87928,-0.1212,0.60933,0.19748,0.29192
-0.37961,0.38602,-0.07783,-0.18283,-0.12641,0.04269,-0.16178,-0.30532,-0.00948,0.24316
0.04364,0.11547,-0.01349,-0.15111,0.1174,-0.11986,-0.20659,0.22796,0.0958,0.04925
0.27607,0.07376,0.05603,0.03838,-0.1287,-0.00644,0.23579,-0.04606,-0.20851,-0.15546
-0.10043,0.28885,0.29786,-0.11891,-0.1553,-0.31484,0.19936,0.30183,-0.04186,0.15031
0.00196,-0.08137,0.19663,-0.08002,0.0143,0.09236,-0.03319,-0.03063,0.01512,-0.11043
0.06562,0.00058,-0.10162,-0.01713,0.25303,0.15989,0.06452,0.11903,-0.12292,0.25388
NA,NA,NA,NA,NA,NA,NA,NA,NA,NA
NA,NA,NA,NA,NA,NA,NA,NA,NA,NA
0.39943,0.41199,0.06306,0.33425,-1.32311,-0.11487,0.30989,0.72209,-0.45716,0.09942
0.24556,-0.11112,-0.19563,0.13122,0.38923,0.34215,-0.1359,-0.0957,-0.00656,-0.21868
0.64219,0.08628,-0.83024,0.06873,-0.28539,-0.03692,0.60497,-0.73894,-0.18152,-0.21684
NA,NA,NA,NA,NA,NA,NA,NA,NA,NA
-0.14662,0.16362,0.22963,-0.21749,-0.02694,0.15646,-0.31888,-0.11216,0.02412,-0.17484
-0.23179,0.05522,-0.07864,0.07586,-0.19931,-0.10989,0.05093,0.08674,-0.31754,-0.33909
0.14997,-0.11814,-0.05897,0.10634,-0.15126,0.37589,-0.21526,-0.23672,-0.07886,0.10159
0.85739,-0.5115,-0.31298,-0.62879,-0.42167,-0.99071,-0.16543,-0.08064,-0.5553,0.18594
-0.0027,-0.50492,-0.4665,0.40622,-0.12163,-1.1069,0.26437,0.04799,-0.02394,-0.47277
0.4088,-0.3652,0.08915,-0.13664,-0.04546,0.13681,0.02826,-0.2044,-0.82793,-0.30639
-0.25526,0.27707,0.12744,-0.27072,0.1184,-0.1316,0.03533,-0.2377,0.03318,0.10765
0.49076,-0.37453,-0.00704,-0.28761,-0.13751,-0.18149,-0.04995,0.14676,0.13583,-0.18484
0.44018,-0.00097,0.36949,-0.09964,0.01739,0.09263,-0.23774,0.10422,-0.18806,0.29774
-0.46124,-0.45442,-0.2961,0.17383,0.02242,0.04526,0.00412,0.07351,0.11507,-0.24403
-0.46121,-0.10132,0.15666,-0.41214,0.20281,0.08548,0.15429,-0.14935,-0.1036,-0.04853
0.06931,0.14261,-0.07801,-0.34787,-0.0037,0.08151,0.07811,-0.18013,0.25918,-0.15249
0.11178,-0.19347,-0.10595,-0.33665,-0.55015,-0.22764,-0.09646,-0.15669,-0.44191,0.76108
0.44332,0.38775,-0.04147,-0.11359,-0.14722,0.4021,0.04275,-0.02622,0.0495,0.04856
-0.0036,0.00138,-0.20684,0.07595,0.17867,0.08795,-0.10147,-0.10961,-0.0426,-0.32555
-0.07526,0.13917,-0.14059,0.08117,-0.45491,-0.29261,0.09755,-0.0038,0.0308,0.33614
0.49814,-0.56299,-0.09669,0.4733,0.00793,-0.09489,0.24164,0.09919,-0.19028,-0.59471
0.10078,-0.21298,0.01413,0.37907,0.28906,-0.10267,0.19436,-0.09124,0.10262,-0.00499
0.02726,-0.19216,0.05262,0.04743,-0.27051,0.10764,-0.14053,-0.04728,0.01277,-0.13462
0.25555,-0.31604,-0.02398,-0.0211,0.31419,-0.30053,-0.00906,-0.22527,0.16133,0.2447
-0.40254,-0.86524,-0.51586,-0.44978,-0.32765,-0.46873,-0.02182,0.19511,0.111,-0.4853
0.22408,0.23178,-0.11235,-0.0775,0.07552,-0.1361,-0.05967,-0.04355,0.07642,0.13609
-0.04271,-0.11146,-0.41687,0.00485,0.38155,-0.15978,0.16148,0.34479,0.31831,-0.21897
-0.04682,-0.19549,0.03969,0.21853,-0.09428,0.13901,0.21659,0.03142,-0.16129,0.09314
-0.47163,-1.85352,-0.33428,2.59994,-0.69106,2.93053,1.8412,0.74225,1.30963,-0.33336
-0.01889,0.33459,-0.25909,0.11932,0.10654,-0.05922,0.17335,0.0918,-0.06764,0.19765
-0.08738,-0.12238,-0.06713,-0.13512,-0.09001,-0.38745,0.06632,-0.07597,-0.06292,0.06343
-0.23014,0.30872,0.30377,-0.20734,0.18318,-0.18884,0.00719,0.19602,0.17059,0.27632
0.2546,0.05953,-0.17668,0.29348,-0.25357,-0.26559,0.03279,0.04395,0.0525,0.05463
-0.10625,0.0815,0.20983,-0.06352,0.05441,0.00759,0.15523,-0.19268,-0.17958,0.15859
0.09076,0.00819,-0.11992,-0.19079,0.01325,0.13664,0.06144,-0.13346,-0.36535,0.26856
0.10167,0.18232,0.12086,-0.15041,-0.06671,0.21411,-0.1095,-0.05978,-0.09086,-0.14868
-0.19683,0.43805,-0.44643,-0.02023,-0.37454,0.16215,0.234,0.01507,0.30195,-0.27397
-0.11661,-0.44917,-0.1221,-0.43728,-0.16976,0.3358,-0.26437,-0.09188,0.21902,-0.12333
0.37897,0.07453,-0.34029,0.01868,-0.36934,0.06721,-0.01784,-0.13478,-0.02266,-0.01397
NA,NA,NA,NA,NA,NA,NA,NA,NA,NA
-0.20523,-0.52082,0.02406,-0.10211,-0.22843,0.04052,0.12403,-0.18131,-0.10061,0.08632
0.21088,0.37609,0.37908,-0.21742,0.7184,0.23743,1.38611,-1.95314,-0.63039,0.47839
0.41479,-0.03578,0.20419,-0.08577,-0.03292,0.13344,-0.40774,-0.26647,-0.08744,-0.07909
0.06185,-0.16657,-0.4731,-0.07443,-0.39316,0.28622,-0.08184,0.06894,0.22606,0.06048
0.05726,0.02743,0.11679,0.25671,-0.33741,-0.09572,0.32439,-0.01002,-0.35801,-0.37803
0.08671,0.29618,0.36468,-0.06772,0.14816,0.16512,-0.06751,-0.1377,0.13366,-0.15974
0.12128,-0.19036,-0.06244,0.00728,-0.21312,0.14836,-0.01553,0.29375,0.07508,-0.01289
-0.01004,0.13363,-0.13107,-0.13271,-0.06194,-0.01059,0.18376,-0.00863,-0.17651,0.13737
-0.05318,-0.01718,-0.29413,0.31686,0.03148,-0.22068,0.0577,0.11503,0.24697,-0.03066
-0.16513,-0.27354,-0.02944,0.14557,-0.0849,-0.06017,-0.12091,-0.51678,0.02038,-0.04321
0.57211,-0.66021,-0.13409,0.24055,0.04069,0.02391,0.43337,-0.01172,-0.06522,0.03064
-0.19834,-0.05761,-0.23659,-0.24502,-0.23557,0.0535,0.04076,0.03336,-0.00264,-0.02817
-0.02233,0.02046,0.07938,-0.10481,0.06415,0.07683,0.13153,-0.21331,-0.20764,-0.08646
-0.03237,-0.07235,-0.23391,-0.28323,0.30327,0.107,-0.30247,0.03095,-0.01833,-0.28595
-0.09879,-0.12412,-0.19265,-0.00979,0.12546,0.09355,0.08136,0.06386,0.15714,0.1916
0.273,0.07801,0.5067,-0.04349,0.25232,0.43138,-0.13223,0.0937,-0.50502,0.14253
-0.34658,0.17639,-0.0588,0.05589,-0.09909,0.1921,-0.27944,-0.33693,0.07555,0.24378
-0.22476,-0.14733,0.05333,0.09437,0.06583,-0.08739,-0.01584,-0.22004,0.1392,0.24056
1.05345,0.86969,-0.24162,0.04106,-0.48865,-0.35572,-0.45905,0.31128,0.20198,-0.11088
0.16393,-0.02689,0.43845,-0.2245,0.30717,-0.11295,-0.3622,-0.18843,0.30914,-0.50419
-0.36095,-0.33571,0.01845,0.5603,-0.27322,0.4961,0.44939,0.39373,0.12178,0.30091
-0.17714,0.10959,0.1016,-0.06195,0.21421,0.00341,-0.06838,-0.05724,0.00046,0.13993
-0.09922,0.19113,0.09455,0.28721,0.23653,0.1679,-0.09642,-0.02995,0.49579,0.12424
0.08854,0.08531,-0.10521,0.18123,0.13626,-0.01879,0.22901,0.00773,0.13111,-0.05338
-0.76221,-0.17394,1.20886,0.35356,0.0035,-0.43734,0.62597,-0.35693,-0.06126,-1.10443
-0.04682,-0.26079,0.02892,0.15737,-0.10096,-0.06087,0.13948,-0.34306,-0.19779,0.21681
NA,NA,NA,NA,NA,NA,NA,NA,NA,NA
-0.23668,0.2235,0.26124,-0.08891,-0.0477,0.07105,0.06171,-0.08539,0.12684,-0.11187
0.10082,0.29994,0.61719,-0.0889,-0.01913,-0.70703,0.13564,-0.1884,0.17371,0.58159
0.0839,-0.20786,0.11991,-0.2337,-0.31366,-0.05282,-0.14053,0.16567,-0.15809,-0.02847
-0.23507,0.07779,0.36511,-0.13677,0.20749,-0.07098,-0.1558,-0.1517,-0.00301,0.06042
-0.1688,0.25294,-0.00752,-0.06641,0.04282,0.18185,0.03685,0.12884,-0.01722,-0.08832
0.13444,-0.1364,-0.06134,0.00064,0.27755,-0.24579,0.07623,0.04346,-0.02993,0.11814
NA,NA,NA,NA,NA,NA,NA,NA,NA,NA
0.05437,0.21283,-0.00087,-0.03904,0.10666,-0.11025,-0.22331,0.002,-0.25398,-0.22802
0.31321,-0.10162,-0.10468,0.23794,0.29053,-0.30889,-0.09662,0.1722,-0.27729,-0.66705
-0.02714,-0.4143,0.22982,-0.3632,0.22041,0.30567,0.22381,0.44038,-0.15248,-0.08859
NA,NA,NA,NA,NA,NA,NA,NA,NA,NA
0.19848,0.31902,0.10645,-0.06307,-0.36183,-0.1071,-0.20416,0.02445,-0.18085,-0.01845
-0.20529,0.16532,-0.06734,0.10297,0.23407,-0.0245,0.08135,0.1619,-0.13617,-0.22278
-0.35834,-0.16611,-0.38457,-0.25061,-0.12404,0.05494,0.11908,0.28992,0.67842,-0.45342
0.04771,0.24506,-0.21652,0.16055,0.4139,0.08753,0.06053,-0.16501,0.00411,-0.18445
NA,NA,NA,NA,NA,NA,NA,NA,NA,NA
-0.15699,0.00627,0.1206,-0.21537,0.24198,-0.1903,0.06513,-0.32525,0.15985,0.26618
0.13756,-0.45611,0.05156,-0.15531,0.10018,-0.19638,0.00936,-0.11516,-0.09441,0.15845
-0.01683,-0.12909,-0.20103,-0.19799,-0.52663,0.13268,-0.02868,0.01956,-0.01144,-0.24675
-0.32626,-0.01796,-0.17008,0.08232,-0.36219,-0.09507,-0.17045,-0.13636,-0.12633,0.01273
0.07461,-0.10426,0.24384,-0.00724,0.24051,0.52393,0.26046,-0.06604,-0.26732,-0.11502
-0.13889,0.18403,-0.01091,0.05374,-0.00385,0.11527,0.0798,-0.10593,0.21248,0.0637
-0.14814,-0.11921,-0.00865,0.15586,0.00834,0.17682,-0.011,-0.14639,-0.11781,-0.0543
0.27987,-0.19637,0.22556,-0.02205,-0.28107,-0.5808,0.16837,0.21378,-0.02352,0.37904
NA,NA,NA,NA,NA,NA,NA,NA,NA,NA
0.17752,-0.16022,-0.1639,-0.0316,0.04143,0.03258,-0.1775,0.00206,0.42386,-0.01901
-0.50827,0.59275,0.0636,0.28616,-0.39906,0.19254,0.32544,0.18065,0.062,0.0522
-0.05344,-0.29724,-0.20758,-0.14641,-0.2214,-0.0525,-0.05137,-0.24828,0.179,-0.08715
-0.04398,0.09382,-0.03511,0.08434,-0.07574,-0.0277,0.0968,-0.05514,-0.02733,0.05599
-0.13519,0.10714,-0.08771,-0.13962,-0.04838,-0.06617,-0.05753,0.05323,-0.1587,-0.17062
0.04395,-0.1829,0.27753,0.0184,0.17018,0.00869,0.0073,-0.13322,0.90925,0.51507
0.19413,0.01195,-0.24372,-0.21722,0.19666,0.26613,-0.00807,0.12297,0.13272,0.11368
0.15332,-0.00929,0.10723,0.0747,-0.03848,-0.0655,0.00661,-0.06848,-0.21966,-0.06208
-0.17874,0.74204,-0.06908,-0.71318,0.95036,0.02288,0.36547,-0.38676,0.77473,0.06
0.33919,-0.18669,-0.44815,-0.73069,-0.66434,0.53226,0.70762,-0.28433,-0.46429,0.27961
0.19857,-0.02799,0.17863,0.67162,-0.45664,-0.24213,0.28698,0.07314,-0.25327,0.12762
-0.17165,-0.01756,-0.00999,0.17141,0.61484,0.15875,-0.17847,0.59033,-0.60053,-0.208
-0.1566,0.04,-0.10342,-0.05681,0.16363,-0.14386,0.09803,0.1038,-0.05517,-0.0707
0.07101,0.03193,-0.03156,0.16493,-0.09482,0.06209,-0.03637,-0.29134,-0.27519,0.06082
0.10168,-0.12816,-0.09668,0.11767,-0.01585,0.07592,0.02076,-0.23645,-0.07929,-0.04639
0.05676,-0.16022,0.04209,-0.08294,-0.40316,-0.73355,-0.29925,-0.33829,-0.36698,0.56487
NA,NA,NA,NA,NA,NA,NA,NA,NA,NA
-0.20706,0.11204,0.0154,-0.16946,-0.25211,-0.04838,0.42898,0.04806,-0.0304,0.09446
0.02458,-0.2159,-0.0058,-0.06373,-0.12216,0.1862,0.05128,0.13668,-0.04367,-0.41279
-0.129,0.14636,-0.15103,-0.1978,0.06938,-0.01914,-0.15535,0.02959,0.27614,0.16016
NA,NA,NA,NA,NA,NA,NA,NA,NA,NA
0.15452,-0.20725,0.74481,-0.06765,-0.61523,0.06427,0.32161,0.69561,0.07798,-0.60473
-0.11448,-0.13785,-0.37868,-0.10111,-0.01554,0.31005,-0.2053,-0.11408,0.11133,-0.04528
NA,NA,NA,NA,NA,NA,NA,NA,NA,NA
NA,NA,NA,NA,NA,NA,NA,NA,NA,NA
0.01568,0.13107,-0.1706,0.35095,-0.11282,-0.43284,0.07014,-0.17956,0.11876,0.12285
0.1563,-0.23546,0.26735,0.11352,-0.00369,0.23134,0.10591,-0.13296,0.43878,-0.35426
-0.0207,-0.20968,-0.03739,-0.16792,0.20032,0.17204,0.04091,-0.23937,0.00221,-0.15073
0.1611,0.2727,-0.03744,-0.01584,-0.09697,0.12194,-0.09992,0.12611,-0.1999,-0.09295
-0.19531,-0.3526,0.06024,-0.2179,-0.05434,0.35369,0.1694,0.18115,0.01927,0.07487
-0.11319,-0.15681,0.14444,-0.3038,-0.12727,-0.10731,-0.3069,0.20401,-0.16326,0.0066
0.08795,-0.22329,-0.32023,-0.19239,-0.26039,0.71421,-0.14333,-0.05225,-0.11253,-0.03407
-0.18369,0.036,0.0874,0.1022,0.33902,-0.15082,-0.10049,-0.11559,0.23124,-0.20487
0.22596,-0.15526,0.19513,0.16037,0.12402,0.09312,-0.30392,0.00957,0.13653,-0.09795
0.11378,0.26868,0.02391,0.00692,-0.03498,-0.07112,-0.00725,0.01197,-0.30573,-0.06177
-0.15291,0.33227,-0.06385,-0.27274,0.34378,0.51113,-0.18769,-0.00206,0.26798,0.04805
-0.02074,0.04824,0.09994,0.01658,0.11292,0.16327,-0.07817,-0.0548,-0.09721,0.31174
0.15334,0.15115,0.11985,-0.19619,-0.01557,-0.13502,-0.13289,-0.01606,-0.24693,-0.19555
NA,NA,NA,NA,NA,NA,NA,NA,NA,NA
0.59724,0.08917,-0.45101,0.241,0.34241,0.22324,0.66432,0.20571,0.07327,-0.17885
0.18467,0.29019,-0.0079,0.111,-0.01396,-0.05307,-0.11131,-0.0284,-0.08392,0.02604
0.14803,-0.25106,0.19147,0.16854,0.40991,-0.21254,0.21863,0.01646,0.09914,0.2001
0.03328,0.44947,0.07596,0.29557,0.06072,-0.18151,-0.25112,-0.15638,-0.0081,0.06302
-0.10609,-0.39402,-0.34954,-0.05442,0.09456,0.06704,0.04289,-0.00875,0.14317,-0.14788
-0.56339,-0.13305,-0.07767,-0.87415,-0.12539,0.06293,-0.50434,-0.20554,0.20629,0.27736
0.09164,-0.12255,0.21493,-0.1443,0.29056,0.0347,0.16344,0.02707,0.11366,0.06914
NA,NA,NA,NA,NA,NA,NA,NA,NA,NA
0.73925,0.32569,0.15489,-0.3663,-0.33983,0.22831,0.17578,-0.02862,-0.26776,0.61262
0.41864,0.16457,0.14409,-0.19755,0.39726,-0.28033,0.09207,0.03092,0.11003,0.53001
-0.1301,-0.04083,-0.08827,0.13804,-0.0531,-0.00021,-0.08497,0.13992,-0.08243,-0.04881
-0.38078,0.07965,-0.13409,0.09921,0.12076,0.08646,-0.35903,0.01804,-0.37212,-0.05565
0.19376,-0.1459,0.05767,-0.00227,-0.1745,-0.10266,-0.16531,0.04718,-0.17727,-0.07935
0.16461,0.38919,0.56508,0.10855,0.29375,0.15378,-0.07958,0.02825,-0.18695,0.0475
-0.01127,0.08478,0.02945,0.04181,-0.06072,0.1073,0.13536,-0.13398,0.20541,-0.08951
-0.17048,0.42035,0.3715,0.00515,0.14533,-0.50778,0.52312,0.51372,0.01508,0.04155
1.01208,-0.14562,-0.70875,-0.3674,-0.40664,-0.85747,0.51219,0.09111,0.89061,-0.08653
0.27742,-0.24202,0.15443,-0.06089,-0.40877,0.05402,0.14977,0.06233,-0.17055,0.07374
-0.08647,-0.15263,-0.48169,0.16676,0.36299,-0.06339,-0.05888,0.02155,0.04321,0.44576
NA,NA,NA,NA,NA,NA,NA,NA,NA,NA
NA,NA,NA,NA,NA,NA,NA,NA,NA,NA
0.24288,-0.222,-0.15936,-0.2586,0.06781,0.05705,0.00759,-0.00364,-0.15543,0.02666
0.17408,0.2925,0.31743,0.00344,-0.09367,-0.22451,-0.1383,0.45253,0.02235,-0.03128
0.09902,0.17784,-0.07931,0.08985,-0.06773,0.04385,-0.13275,-0.01111,-0.07996,-0.20136
NA,NA,NA,NA,NA,NA,NA,NA,NA,NA
-0.13517,-0.15476,0.21853,-0.10438,0.40636,-0.02186,-0.17106,0.07145,0.34764,0.09855
0.1003,0.23313,0.15908,-0.03373,-0.25094,-0.09815,-0.03336,0.06578,-0.18887,0.08252
NA,NA,NA,NA,NA,NA,NA,NA,NA,NA
0.12248,-0.00215,0.20742,-0.11305,0.32176,0.17092,0.05637,0.03453,0.06466,0.02923
-0.22549,0.03681,-0.49178,-0.5343,-0.38471,0.26569,0.03111,0.58796,-0.04434,0.17288
0.04421,-0.01374,-0.03148,0.24676,-0.22333,0.02152,-0.03442,-0.12129,0.22158,0.31696
-0.09064,-0.44895,0.80329,-0.14012,-0.2163,0.58222,0.40942,-0.11641,-0.33276,-0.38553
0.27181,-0.61455,0.4098,0.28541,0.76832,-0.91858,0.50089,0.38517,1.22821,-0.64588
0.03799,-0.24507,0.09037,-0.22533,-0.00835,0.21994,0.15723,-0.16844,-0.42751,0.03731
0.03404,0.409,0.33797,-0.02031,-0.00848,0.35671,-0.23362,-0.28704,0.15364,-0.31146
-0.05519,0.32315,0.21076,0.47072,-0.07356,0.13189,0.13401,0.30495,-0.55269,-0.13117
0.57603,0.1984,-0.28608,-0.05477,0.13771,-0.07136,-0.47124,-0.00327,0.19923,-0.09639
-0.28146,-0.57661,-0.36735,0.32651,-0.00687,-0.41061,0.15449,0.5311,-0.08459,0.05241
-0.024,-0.01512,-0.01305,-0.04154,0.00284,0.13995,-0.07445,0.02129,-0.13539,-0.10701
NA,NA,NA,NA,NA,NA,NA,NA,NA,NA
0.1279,-0.14778,-0.12821,-0.17816,-0.13563,0.04609,0.04849,0.03865,-0.30131,0.20238
0.08362,0.12945,-0.09406,0.31894,0.09423,0.16,0.09207,0.06072,0.15624,0.11238
-0.18424,0.33982,-0.24237,-0.72355,-0.17677,0.54075,0.11648,-0.47177,0.52161,0.14051
NA,NA,NA,NA,NA,NA,NA,NA,NA,NA
-0.12783,-0.08117,0.02048,-0.08278,-0.08138,0.01832,0.00679,-0.09437,0.13573,-0.06137
0.12613,0.03735,-0.05149,-0.17199,-0.16171,-0.08588,0.07188,0.3119,-0.34639,0.17199
-0.02278,-0.19665,-0.26514,-0.04229,-0.52333,-0.28635,0.06234,0.11053,0.11628,0.14249
NA,NA,NA,NA,NA,NA,NA,NA,NA,NA
0.23676,0.36519,-0.19687,-0.04832,0.1657,0.09909,0.28288,0.03392,0.00281,0.17494
0.2125,0.03292,-0.00788,0.18612,-0.02135,0.05463,-0.08913,0.13564,-0.07429,-0.36213
-0.04844,0.27574,-0.13042,-0.1681,0.10874,-0.33404,0.1049,0.01398,-0.23737,-0.1022
NA,NA,NA,NA,NA,NA,NA,NA,NA,NA
-0.05635,-0.2189,-0.18307,-0.29553,0.13429,-0.07312,-0.02892,0.32612,-0.0586,-0.12362
0.07316,-0.4324,-0.13713,-0.13536,-0.27941,-0.05367,0.16038,-0.07685,-0.22815,0.02846
NA,NA,NA,NA,NA,NA,NA,NA,NA,NA
-0.44336,0.29073,0.24586,0.40887,0.02507,0.25888,-0.0527,0.13404,-0.37214,-0.24775
0.30208,-0.70053,0.35467,0.34618,-0.00427,0.08077,-0.18787,0.27641,-0.50898,-0.00388
-0.24223,-0.33871,-0.19524,0.22059,-0.05512,0.05475,0.02661,0.54841,0.29922,-0.44973
-0.29018,-0.07882,-0.04965,0.1282,-0.13674,-0.4178,-0.06073,0.28316,0.057,-0.03872
0.18945,0.18412,-0.0178,0.11258,0.05098,-0.11794,-0.10058,0.05022,-0.16479,-0.07663
0.07618,-0.28843,0.304,0.11863,0.14801,0.50757,0.17171,0.01043,-0.23781,0.11388
0.08709,-0.07016,0.06925,0.19131,0.1707,0.11455,-0.07669,0.28544,0.09729,-0.01127
0.41396,-0.02027,-0.04408,0.48313,-0.20515,0.27494,-0.12132,-0.14675,-0.19019,0.66531
-0.05646,0.03087,0.18163,0.29643,-0.2254,0.13173,0.08512,-0.14418,0.12093,0.27785
0.1083,-0.22623,0.06207,-0.02969,0.08438,0.04946,-0.01629,-0.09576,0.07379,-0.00025
-0.3075,-0.16683,-0.11775,-0.01583,0.01416,-0.06748,-0.021,0.18335,0.12336,-0.12558
0.053,-0.07892,-0.08867,0.01848,-0.01715,-0.24109,0.00169,0.03166,-0.05775,-0.19475
NA,NA,NA,NA,NA,NA,NA,NA,NA,NA
-0.26217,0.01129,-0.30784,0.10428,-0.40538,0.04181,-0.26676,-0.11728,0.07416,0.30207
-0.25162,-0.18639,-0.08518,0.07376,-0.03874,0.07412,-0.16196,-0.14527,0.15894,-0.17732
-0.07744,0.09984,0.04025,-0.00657,0.11267,0.06439,0.1572,-0.10471,0.10032,0.0241
0.28709,-0.17283,-0.13983,-0.08512,0.06031,-0.20862,-0.01597,0.16152,0.09657,0.00164
-0.4879,0.34518,-0.17943,-0.10267,-0.25573,-0.4334,-0.09391,-0.15675,-0.07956,-0.01617
-0.04103,0.15934,-0.04167,-0.14006,-0.00383,-0.37443,-0.17092,-0.0826,-0.00075,0.14887
0.18346,-0.00377,0.14412,0.1745,-0.11594,0.02803,-0.08206,0.11886,0.16108,0.25571
0.58454,-0.17017,-0.16358,0.17918,0.41627,0.34882,-0.43444,0.15711,0.46175,-0.41748
0.05916,-0.04858,-0.2551,-0.05086,0.03036,-0.02199,0.27962,0.11606,-0.21988,0.04295
-0.25487,0.05888,0.23507,0.1194,-0.26794,0.07448,0.50499,-0.10954,0.28003,0.20085
-0.24649,-0.12744,-0.09208,0.04542,0.44502,0.13079,0.08505,-0.15048,0.27663,-0.02756
-0.10904,-0.13848,0.04175,0.06357,0.15363,0.01347,0.02115,-0.0958,-0.10361,0.07266
-0.34834,0.18901,-0.03641,-0.146,0.40659,-0.55742,-0.15605,0.36419,0.12304,-0.0311
-0.06564,0.32522,0.11097,0.02479,-0.33639,-0.05359,0.0794,0.56014,0.62565,0.33229
0.04082,0.13228,-0.15439,-0.43416,-0.26573,0.15648,0.10404,0.0775,0.32265,0.07341
0.00116,0.01925,-0.12791,0.15949,0.11547,0.1565,0.02319,0.10678,0.02,-0.17662
0.13956,-0.00254,0.18228,-0.11364,0.13214,0.17355,0.05362,0.1305,-0.16433,0.00725
0.06234,0.06611,0.24581,-0.04159,-0.02806,-0.2638,-0.08827,0.15625,0.0534,0.07718
-0.09984,-0.0924,0.36938,0.16068,-0.03788,0.14135,-0.15485,-0.68858,-0.42088,-0.25534
0.25359,0.07989,-0.15366,-0.00162,-0.00036,-0.18633,-0.02746,-0.01491,-0.02594,0.08457
0.03709,0.04604,-0.04351,-0.1108,0.05828,-0.1564,0.06514,-0.0714,0.28531,0.17934
0.08095,-0.25386,0.11052,0.01638,-0.04586,0.26853,0.25191,0.0848,-0.19302,0.21883
-0.03062,-0.16342,0.2827,0.14475,-0.40043,-0.24208,-0.35992,0.40018,0.17896,0.36582
-0.2748,-0.45513,0.03949,0.15701,0.3342,-0.41563,-0.39659,-0.80409,0.15235,0.29258
-0.26437,-0.17371,-0.15491,-0.13812,0.02581,0.02272,0.03061,-0.19706,-0.00716,-0.00584
-0.08911,0.05919,0.17676,0.20628,0.04632,-0.04591,-0.04213,0.07909,-0.13497,0.1055
-0.11788,0.02843,0.01971,0.13835,-0.03202,-0.31819,-0.03041,0.01079,0.19775,0.00801
NA,NA,NA,NA,NA,NA,NA,NA,NA,NA
0.12284,-0.12578,0.07814,0.00066,-0.0341,-0.02686,-0.11009,-0.01644,-0.14842,-0.11611
0.01227,0.15476,-0.01646,0.1235,0.16401,-0.02252,-0.30025,-0.39756,-0.02285,0.11341
-0.33647,0.03742,0.13491,0.05005,0.61408,0.40722,-0.03746,0.24217,0.39114,0.11955
0.09893,-0.03387,0.32203,-0.11127,-0.20848,-0.04651,0.02458,-0.06431,0.33353,-0.0927
0.05372,0.12863,-0.12394,-0.15962,-0.43406,0.09464,0.05015,0.17076,-0.20461,-0.29131
0.17758,0.04527,0.07403,0.05435,-0.18553,0.18464,-0.24356,-0.07439,0.08385,0.36569
0.13612,0.13291,0.01521,-0.24011,0.05595,-0.04651,-0.11955,-0.27367,-0.22831,-0.51768
-0.12723,-0.14618,0.1303,0.03418,0.03631,-0.07694,-0.24307,0.02474,0.07541,-0.21702
0.00537,0.11316,0.40042,-0.08027,-0.0972,0.3189,-0.08316,-0.03485,-0.23582,-0.01491
-0.68568,0.98548,0.75033,0.1934,0.16411,0.35971,-0.07722,-0.06835,-0.20647,-0.62896
0.1836,-0.13359,0.17335,0.16522,-0.16313,-0.04318,0.07854,-0.02676,0.18596,0.00453
NA,NA,NA,NA,NA,NA,NA,NA,NA,NA
-0.14112,-0.16079,0.1263,-0.06447,-0.02782,-0.14984,-0.12039,0.04458,0.02029,-0.03207
0.02863,0.22563,0.08092,-0.19121,0.04699,0.23655,0.11354,-0.49375,-0.12261,-0.24343
0.00892,-0.37546,-0.13727,0.26559,-0.12629,0.08743,-0.09074,0.37669,-0.42618,-0.1481
-0.11205,-0.35788,0.35171,-0.14827,-0.14675,0.40443,0.22242,-0.42522,-0.02274,0.25539
-0.03837,-0.12154,-0.00597,0.16423,0.10014,-0.03615,0.0673,-0.09942,-0.30772,-0.29904
0.33836,-0.04805,0.26609,-0.2844,-0.00898,0.02822,-0.06066,0.16766,0.02415,-0.02978
0.02709,0.03261,-0.16708,-0.14918,0.06633,0.24472,0.02231,0.04122,0.17158,0.0075
0.04454,0.23503,-0.44718,0.12675,-0.08749,0.02615,0.11754,-0.2238,-0.27268,0.1719
-0.52259,-0.17946,0.42002,-0.04463,-0.11993,0.02949,-0.4542,-0.00831,0.20963,0.1152
0.57526,1.18704,1.39561,-0.87653,1.33284,0.99096,0.35809,-0.79705,0.74806,0.22351
-0.03634,-0.16719,0.10217,0.0886,0.12159,0.01563,-0.00915,-0.05652,0.06781,0.16527
-0.25092,-0.12277,-0.61553,-0.05192,-0.29683,-0.09902,-0.08146,-0.16083,-0.51947,-0.04418
0.14361,0.28409,0.10586,-0.08617,0.00392,0.19588,-0.03356,-0.22161,0.12828,-0.12824
0.05674,-0.12003,-0.08788,0.60335,-0.05265,-0.00754,0.54214,0.17127,-0.13779,-0.53032
-0.79561,0.01604,0.56368,0.01448,0.169,0.42786,-0.2128,0.24826,-0.06413,-0.09414
NA,NA,NA,NA,NA,NA,NA,NA,NA,NA
0.08405,0.11279,0.08347,-0.11772,0.2452,-0.20403,0.20355,0.0455,-0.03553,-0.15002
-0.2685,0.68684,0.52351,-0.6642,0.80273,-0.40765,0.02863,0.00719,0.3904,0.10699
-0.08651,0.05818,-0.05305,-0.03727,0.03215,-0.02747,-0.14717,0.27987,0.0754,0.05912
-0.30682,0.13027,0.72795,0.04317,-0.27845,0.17998,0.47184,0.36211,-0.56003,-0.86222
0.05532,-0.02673,-0.1554,0.01599,0.16392,-0.01821,0.09327,0.03839,-0.13017,0.01925
NA,NA,NA,NA,NA,NA,NA,NA,NA,NA
-0.09052,-0.10326,-0.1228,-0.06065,-0.01688,-0.05129,-0.04669,0.11867,0.22054,-0.08822
NA,NA,NA,NA,NA,NA,NA,NA,NA,NA
0.28353,-0.10615,0.30457,0.30206,-0.00924,0.3718,0.08371,-0.03411,0.36321,-0.27751
0.17676,-0.04718,0.32793,-0.09576,0.32409,0.3667,-0.17934,-0.14189,0.02556,-0.24222
0.07179,-0.25483,-0.06352,0.55294,0.16671,-0.18522,0.07346,0.39413,-0.62157,-0.14454
0.00522,0.07098,-0.22542,-0.31161,-0.02622,-0.00801,0.05,0.08213,-0.22341,0.28167
0.0693,0.09789,-0.00642,0.19472,-0.026,-0.06656,-0.20325,-0.08869,-0.03737,0.03405
-0.32277,0.04196,-0.59037,0.38251,0.48597,-0.39376,0.01318,-0.15704,-0.07892,-0.19903
0.06358,0.07686,0.05133,-0.00629,0.30306,0.06108,-0.21302,-0.10611,-0.01807,-0.28272
-0.08228,-0.29213,0.24153,0.1353,0.05003,-0.20121,-0.2344,0.01566,0.45163,0.39968
0.06183,0.30024,0.28161,-0.02164,0.06011,0.51456,0.03215,-0.25109,0.0757,0.05078
0.03062,0.20612,-0.01845,-0.05893,0.06256,0.20456,-0.02482,0.19572,-0.23284,0.06221
0.14559,0.16522,-0.09751,-0.01916,0.08562,-0.15779,0.08454,0.36617,0.06181,0.20841
0.03099,0.00869,0.21598,0.13159,0.08721,-0.03838,0.00989,0.00906,-0.30754,0.11587
-0.03245,-0.31655,-0.27062,-0.04428,-0.13824,-0.10839,0.04072,0.02726,0.00578,0.1154
NA,NA,NA,NA,NA,NA,NA,NA,NA,NA
-0.00498,-0.08629,0.05867,0.22362,-0.12792,0.1673,-0.15099,-0.15725,0.32013,-0.10283
0.03998,-0.37343,-0.14649,0.07722,0.14613,0.06176,-0.06128,0.06065,-0.47587,0.44662
0.17452,0.34128,-0.22995,0.02099,-0.07947,-0.03464,-0.56746,0.09412,0.04105,-0.06629
0.06671,0.07707,-0.08951,0.48877,0.1689,0.11295,0.15405,0.09609,0.36575,-0.13834
0.02355,0.65718,-0.23539,-0.02621,-0.15242,0.16818,0.69095,0.04155,-0.56412,0.52742
0.0219,0.10726,0.216,-0.1233,-0.09254,0.11754,0.23971,-0.16348,-0.01529,-0.18546
-0.2936,-0.1443,-0.0562,0.0927,-0.07103,-0.13265,0.0051,0.48065,0.13691,-0.12145
0.15343,-0.35575,-0.33624,0.14708,0.30885,0.11001,0.10244,0.18594,-0.01682,-0.07021
0.11349,0.01629,-0.08684,-0.12702,0.09299,-0.0625,0.09232,0.0136,-0.06764,0.18588
-0.18491,0.07561,-0.22126,-0.11885,-0.02852,-0.15766,0.18673,-0.07618,0.31054,0.02868
NA,NA,NA,NA,NA,NA,NA,NA,NA,NA
0.0958,-0.1193,0.10002,-0.09053,0.13286,0.05158,0.02801,-0.07475,0.33057,-0.0502
-0.02312,0.18653,0.27955,0.02435,-0.07473,0.04134,-0.0491,0.12808,0.0172,0.03103
0.22029,0.29717,0.10016,-0.04033,0.11769,0.1083,-0.01373,0.48481,0.00689,0.02966
0.15395,0.05043,0.03473,0.1299,-0.11572,-0.60196,-0.27985,0.20134,-0.19569,0.16188
0.02021,-0.08229,-0.09352,0.05103,-0.01785,-0.22589,0.06949,-0.09921,-0.04108,0.07555
0.0276,-0.28517,-0.46248,0.0742,0.02011,-0.15406,-0.36866,-0.21514,0.4909,-0.39081
-0.09943,0.07243,-0.21706,0.11884,0.11038,-0.02704,-0.05414,-0.11805,0.16597,0.14782
-0.06342,-0.16978,-0.11608,-0.3639,0.10802,0.30309,0.29955,0.10972,-0.22391,-0.05711
